,Bolivia,La Paz,Cochabamba,Santa Cruz,Oruro,Potos√≠,Chuquisaca,Tarija,Beni,Pando
2020-03-10,0,0,0,0,0,0,0,0,0,0
2020-03-11,1,0,0,1,0,0,0,0,0,0
2020-03-12,1,0,0,1,0,0,0,0,0,0
2020-03-13,8,0,1,1,6,0,0,0,0,0
2020-03-14,8,0,1,1,6,0,0,0,0,0
2020-03-15,9,0,1,2,6,0,0,0,0,0
2020-03-16,9,0,1,2,6,0,0,0,0,0
2020-03-17,10,0,1,3,6,0,0,0,0,0
2020-03-18,10,0,1,3,6,0,0,0,0,0
2020-03-19,14,1,2,4,7,0,0,0,0,0
2020-03-20,17,1,2,7,7,0,0,0,0,0
2020-03-21,18,1,2,8,7,0,0,0,0,0
2020-03-22,25,1,3,14,7,0,0,0,0,0
2020-03-23,26,1,3,15,7,0,0,0,0,0
2020-03-24,30,2,3,18,7,0,0,0,0,0
2020-03-25,37,4,3,23,7,0,0,0,0,0
2020-03-26,59,8,10,33,7,1,0,0,0,0
2020-03-27,72,8,14,41,7,1,1,0,0,0
2020-03-28,79,10,14,43,7,3,1,0,0,1
2020-03-29,94,13,18,51,7,3,1,0,0,1
2020-03-30,105,14,20,58,7,3,1,1,0,1
2020-03-31,113,16,20,63,7,4,1,1,0,1
2020-04-01,121,16,21,67,7,4,1,1,0,4
2020-04-02,130,19,22,69,7,5,1,1,0,6
2020-04-03,137,20,24,73,7,5,1,1,0,6
2020-04-04,155,23,24,88,7,5,1,1,0,6
2020-04-05,181,32,33,96,7,5,1,1,0,6
2020-04-06,192,37,33,99,7,8,1,1,0,6
2020-04-07,208,39,38,102,7,10,1,1,0,10
2020-04-08,262,57,47,126,7,13,1,1,0,10
2020-04-09,266,57,48,129,7,13,1,1,0,10
2020-04-10,273,59,48,133,8,13,1,1,0,10
2020-04-11,298,65,49,146,10,15,1,1,0,11
2020-04-12,328,73,52,162,12,15,1,2,0,11
2020-04-13,352,80,54,176,13,15,1,2,0,11
2020-04-14,395,91,57,189,29,15,1,2,0,11
2020-04-15,439,101,59,214,36,15,1,2,0,11
2020-04-16,463,120,59,217,37,16,1,2,0,11
2020-04-17,491,120,60,236,41,18,1,3,0,12
2020-04-18,518,126,60,254,44,18,1,3,0,12
2020-04-19,562,133,61,289,44,19,1,3,0,12
2020-04-20,596,134,61,316,48,19,1,3,2,12
2020-04-21,607,137,62,323,48,19,1,3,2,12
2020-04-22,670,140,63,370,58,21,1,3,2,12
2020-04-23,701,150,66,384,61,21,2,3,2,12
2020-04-24,805,155,70,445,64,21,2,3,33,12
2020-04-25,864,159,71,488,64,26,2,3,39,12
2020-04-26,948,168,78,524,78,26,2,3,57,12
2020-04-27,1012,185,78,552,91,26,3,3,62,12
2020-04-28,1051,188,79,586,91,26,3,3,63,12
2020-04-29,1108,202,80,614,101,26,3,3,67,12
2020-04-30,1165,218,80,655,101,26,3,3,67,12
2020-05-01,1227,221,80,692,106,26,4,3,83,12
2020-05-02,1468,236,81,805,110,26,4,3,191,12
2020-05-03,1592,241,81,903,110,26,4,3,212,12
2020-05-04,1679,243,82,978,110,33,5,4,212,12
2020-05-05,1800,253,82,1082,112,35,6,6,212,12
2020-05-06,1884,260,82,1159,112,35,6,6,212,12
2020-05-07,2079,271,82,1317,114,35,11,6,231,12
2020-05-08,2264,294,90,1386,115,35,11,9,312,12
2020-05-09,2435,301,95,1536,120,35,14,10,312,12
2020-05-10,2554,309,104,1632,123,35,15,10,314,12
2020-05-11,2829,313,109,1822,123,36,15,10,389,12
2020-05-12,2962,316,130,1924,127,36,15,13,389,12
2020-05-13,3146,319,148,2040,127,36,15,13,436,12
2020-05-14,3370,322,170,2162,131,36,15,13,509,12
2020-05-15,3575,328,196,2296,131,36,15,13,548,12
2020-05-16,3824,333,214,2517,132,36,16,13,551,12
2020-05-17,4086,335,224,2762,134,38,17,13,551,12
2020-05-18,4261,342,228,2893,136,39,17,13,581,12
2020-05-19,4479,355,246,2981,137,39,17,13,679,12
2020-05-20,4917,363,259,3240,137,40,19,14,833,12
2020-05-21,5185,375,266,3413,140,41,19,17,902,12
2020-05-22,5577,381,285,3664,142,41,19,18,1015,12
2020-05-23,5913,386,295,3899,144,41,21,18,1097,12
2020-05-24,6261,394,329,4198,149,42,21,18,1097,13
2020-05-25,6658,403,339,4526,150,44,22,19,1142,13
2020-05-26,7134,410,345,4887,152,44,22,19,1242,13
2020-05-27,7766,415,376,5365,154,44,25,19,1355,13
2020-05-28,8385,423,419,5773,158,46,25,22,1506,13
2020-05-29,8729,444,488,5945,165,48,25,24,1576,14
2020-05-30,9590,478,556,6541,189,48,25,32,1707,14
2020-05-31,9980,507,611,6710,203,68,26,32,1809,14
2020-06-01,10529,555,714,7017,209,70,28,37,1885,14
2020-06-02,10989,614,786,7234,217,93,29,37,1965,14
2020-06-03,11636,635,851,7636,221,98,31,40,2101,23
2020-06-04,12243,661,898,7951,237,119,32,44,2278,23
2020-06-05,12726,692,960,8143,246,147,38,49,2428,23
2020-06-06,13356,737,1022,8555,255,171,39,58,2472,47
2020-06-07,13641,754,1097,8675,259,183,39,58,2511,65
2020-06-08,13947,776,1162,8810,273,188,43,65,2565,65
2020-06-09,14642,804,1231,9223,287,200,43,68,2692,94
2020-06-10,15279,842,1297,9593,304,205,61,69,2778,130
2020-06-11,16163,932,1369,10126,333,268,74,77,2809,175
2020-06-12,16927,983,1441,10535,357,274,85,87,2927,238
2020-06-13,17840,1064,1537,11153,368,295,100,112,2944,267
2020-06-14,18457,1149,1723,11423,377,331,102,112,2954,286
2020-06-15,19071,1213,1878,11740,388,343,117,123,2962,307
2020-06-16,19881,1254,1915,12365,399,361,129,149,2994,315
2020-06-17,20683,1298,2041,12724,419,378,134,175,3128,386
2020-06-18,21497,1386,2179,12987,442,392,185,191,3326,409
2020-06-19,22474,1469,2302,13538,458,407,196,206,3473,425
2020-06-20,23510,1545,2360,14164,468,424,253,239,3581,476
2020-06-21,24386,1780,2551,14498,487,428,301,246,3613,482
2020-06-22,25491,1918,2612,15066,598,546,301,275,3679,496
2020-06-23,26387,1966,2775,15441,674,560,382,299,3785,505
2020-06-24,27485,2161,2920,15983,698,576,422,331,3887,507
2020-06-25,28501,2373,2970,16554,720,588,470,393,3920,513
2020-06-26,29421,2580,3233,16776,791,589,524,432,3934,562
2020-06-27,30674,2774,3416,17454,793,603,578,514,3975,567
2020-06-28,31522,2882,3468,17872,877,641,637,537,4041,567
2020-06-29,32123,2967,3501,18210,898,664,644,596,4075,568
2020-06-30,33217,3029,3640,18880,948,674,707,652,4119,568
2020-07-01,34225,3241,3744,19256,1011,689,766,709,4173,636
2020-07-02,35526,3397,3836,19990,1092,720,811,764,4203,713
2020-07-03,36816,3634,4089,20557,1144,728,852,830,4265,717
2020-07-04,38069,3872,4146,21189,1188,758,917,916,4275,808
2020-07-05,39295,4205,4199,21751,1232,761,967,971,4275,934
2020-07-06,40507,4685,4429,21952,1282,782,1000,1039,4332,1006
2020-07-07,41543,4876,4492,22397,1379,801,1068,1069,4435,1026
2020-07-08,42982,5151,4635,22925,1490,831,1099,1214,4611,1026
2020-07-09,44111,5376,4769,23410,1545,844,1162,1284,4695,1026
2020-07-10,45563,5704,4915,24024,1634,847,1165,1454,4794,1026
2020-07-11,47199,6366,5014,24624,1700,858,1298,1502,4811,1026
2020-07-12,48186,6703,5188,24899,1785,895,1332,1502,4837,1045
2020-07-13,49249,7124,5315,25259,1860,919,1332,1534,4861,1045
2020-07-14,50866,7402,5468,26123,1920,969,1374,1661,4904,1045
2020-07-15,52217,7662,5744,26670,1973,1000,1422,1744,4957,1045
2020-07-16,54155,7976,5926,27743,2015,1060,1490,1874,5026,1045
2020-07-17,56101,8209,6045,28988,2111,1086,1536,2029,5040,1057
2020-07-18,58137,8922,6277,29483,2176,1097,1588,2348,5068,1178
2020-07-19,59581,9655,6406,29753,2210,1172,1605,2484,5092,1204
2020-07-20,60990,10190,6526,30308,2243,1188,1637,2562,5124,1212
2020-07-21,62356,10621,6694,30886,2345,1188,1662,2584,5163,1213
2020-07-22,64134,11409,6887,31399,2430,1249,1698,2589,5173,1300
2020-07-23,65251,11943,7047,31655,2505,1266,1736,2595,5193,1311
2020-07-24,66455,12273,7305,31845,2556,1385,1807,2646,5276,1362
2020-07-25,68280,13371,7420,32137,2656,1390,1826,2826,5289,1365
2020-07-26,69428,13780,7544,32371,2755,1436,1834,3051,5290,1367
2020-07-27,71180,14403,8104,32652,2821,1443,1894,3195,5295,1373
2020-07-28,72326,14618,8310,33083,2858,1458,1921,3388,5315,1375
2020-07-29,73533,14982,8410,33549,2912,1464,1944,3549,5325,1398
2020-07-30,75233,15595,8582,33989,3072,1470,1962,3780,5376,1407
2020-07-31,76788,15951,9030,34408,3072,1486,2051,3930,5441,1419
2020-08-01,78792,16425,9418,34737,3572,1520,2094,4046,5552,1428
2020-08-02,80152,16823,9626,34971,3692,1576,2141,4276,5619,1428
2020-08-03,81845,17699,9815,35295,3740,1627,2199,4401,5638,1431
2020-08-04,83360,18115,10031,35758,3889,1670,2261,4508,5669,1459
2020-08-05,85140,19024,10213,36080,3959,1747,2337,4588,5697,1495
2020-08-06,86422,19575,10309,36458,4026,1760,2436,4612,5729,1517
2020-08-07,87890,20481,10392,36687,4038,1792,2562,4629,5760,1549
2020-08-08,89054,21105,10435,36923,4116,1820,2661,4630,5777,1587
2020-08-09,89998,21606,10586,37056,4137,1860,2712,4630,5789,1622
2020-08-10,91634,22322,10722,37391,4149,1941,2837,4780,5836,1656
2020-08-11,93327,22908,10845,37598,4192,2232,2978,4943,5921,1710
2020-08-12,95070,23721,10990,37830,4213,2352,3127,5141,5930,1766
2020-08-13,96458,24145,11074,38015,4226,2608,3296,5336,5954,1804
2020-08-14,97949,24602,11259,38186,4236,2843,3477,5540,5954,1852
2020-08-15,99145,25122,11346,38300,4254,3037,3623,5596,5957,1910
2020-08-16,100343,25776,11359,38415,4268,3153,3808,5648,5957,1959
2020-08-17,101222,26052,11411,38510,4282,3291,3985,5752,5971,1968
2020-08-18,103018,26295,11491,38579,4298,4152,4147,6013,6022,2021
2020-08-19,105049,27100,11563,38861,4366,4420,4254,6318,6093,2074
2020-08-20,106064,27306,11621,38968,4495,4538,4343,6508,6156,2129
2020-08-21,107434,27771,11689,39112,4574,4636,4421,6785,6238,2208
2020-08-22,108426,27985,11791,39285,4635,4736,4536,6906,6322,2230
2020-08-23,109148,28328,11844,39372,4688,4771,4638,6940,6335,2232
2020-08-24,110147,28935,11956,39436,4717,4832,4705,6983,6342,2241
2020-08-25,110998,29149,12017,39615,4735,4944,4786,7067,6422,2263
2020-08-26,112093,29498,12068,39877,4765,5138,4851,7164,6449,2283
2020-08-27,113128,29851,12161,40013,4817,5252,4923,7312,6502,2297
2020-08-28,114408,30349,12204,40175,4855,5417,5024,7511,6565,2308
2020-08-29,115353,30678,12290,40269,4906,5472,5097,7742,6584,2315
2020-08-30,115967,30898,12297,40292,4950,5472,5133,8016,6592,2317
2020-08-31,116597,30999,12370,40444,4959,5539,5220,8136,6610,2320
2020-09-01,117266,31039,12432,40637,4967,5655,5295,8270,6639,2332
2020-09-02,117927,31124,12516,40791,4983,5760,5360,8387,6671,2335
2020-09-03,118780,31232,12559,40884,5085,5861,5433,8633,6753,2340
2020-09-04,119579,31446,12589,41006,5128,6039,5496,8757,6771,2347
2020-09-05,120240,31725,12615,41084,5147,6107,5546,8881,6785,2350
2020-09-06,120768,31889,12624,41111,5175,6215,5606,9003,6792,2353
2020-09-07,121603,32161,12629,41196,5184,6389,5627,9241,6821,2355
2020-09-08,122307,32268,12671,41313,5198,6561,5705,9388,6846,2357
2020-09-09,123344,32565,12721,41429,5297,6744,5840,9517,6873,2358
2020-09-10,124204,32797,12766,41554,5348,6933,5911,9624,6913,2358
2020-09-11,125171,32950,12889,41652,5358,7166,6019,9846,6933,2358
2020-09-12,125981,33082,13065,41690,5379,7255,6127,10088,6937,2358
2020-09-13,126790,33296,13142,41758,5412,7294,6204,10372,6954,2358
2020-09-14,127618,33619,13192,41818,5441,7387,6268,10567,6968,2358
2020-09-15,128285,33731,13261,41922,5450,7469,6339,10786,6969,2358
2020-09-16,128871,33804,13294,41990,5475,7519,6418,11028,6983,2360
2020-09-17,129418,33842,13328,42063,5492,7540,6518,11268,7007,2360
2020-09-18,130050,33875,13378,42099,5514,7653,6605,11548,7017,2361
2020-09-19,130469,33969,13392,42152,5526,7666,6639,11742,7022,2361
2020-09-20,130675,34003,13394,42177,5548,7682,6680,11807,7023,2361
2020-09-21,130985,34030,13422,42225,5554,7736,6696,11935,7026,2361
2020-09-22,131452,34067,13429,42275,5564,7790,6769,12147,7049,2362
2020-09-23,131989,34091,13451,42335,5605,7925,6817,12314,7089,2362
2020-09-24,132617,34136,13488,42373,5649,7988,6879,12632,7109,2363
2020-09-25,133221,34181,13507,42507,5678,8055,6940,12866,7124,2363
2020-09-26,133591,34233,13529,42543,5678,8137,6986,12993,7129,2363
2020-09-27,133900,34262,13533,42587,5696,8148,7032,13149,7129,2364
2020-09-28,134222,34279,13563,42624,5710,8188,7055,13309,7129,2365
2020-09-29,134640,34282,13594,42683,5718,8228,7069,13571,7129,2366
2020-09-30,135310,34311,13611,42720,5730,8298,7100,14037,7136,2367
2020-10-01,135715,34351,13626,42745,5743,8322,7128,14264,7168,2368
2020-10-02,136218,34391,13644,42846,5761,8389,7153,14482,7184,2368
2020-10-03,136568,34419,13647,42883,5771,8464,7187,14635,7194,2368
2020-10-04,136867,34433,13659,42926,5784,8519,7211,14773,7194,2368
2020-10-05,137106,34449,13673,42952,5786,8544,7229,14908,7197,2368
2020-10-06,137467,34449,13706,43021,5797,8600,7243,15085,7197,2369
2020-10-07,137705,34498,13728,43074,5810,8641,7257,15131,7197,2369
2020-10-08,137968,34520,13735,43121,5820,8676,7316,15209,7202,2369
2020-10-09,138225,34567,13750,43191,5843,8715,7339,15236,7215,2369
2020-10-10,138462,34597,13754,43224,5856,8745,7354,15330,7233,2369
2020-10-11,138573,34605,13754,43235,5868,8760,7362,15380,7240,2369
2020-10-12,138694,34607,13765,43262,5876,8779,7382,15412,7242,2369
2020-10-13,138921,34626,13784,43305,5887,8820,7414,15470,7246,2369
2020-10-14,139140,34638,13787,43397,5895,8854,7433,15519,7246,2371
2020-10-15,139318,34674,13810,43440,5898,8869,7444,15564,7248,2371
2020-10-16,139561,34701,13827,43486,5903,8892,7476,15640,7265,2371
2020-10-17,139709,34712,13833,43500,5912,8905,7519,15690,7267,2371
2020-10-18,139770,34721,13833,43521,5920,8908,7539,15690,7267,2371
2020-10-19,139889,34727,13857,43557,5922,8928,7545,15714,7268,2371
2020-10-20,140036,34736,13872,43593,5926,8947,7564,15749,7276,2373
2020-10-21,140227,34766,13895,43654,5932,8958,7581,15788,7280,2373
2020-10-22,140444,34777,13908,43718,5945,8977,7601,15861,7284,2373
2020-10-23,140611,34796,13910,43762,5954,9002,7631,15898,7285,2373
2020-10-24,140778,34825,13914,43786,5959,9023,7662,15948,7288,2373
2020-10-25,140852,34838,13914,43789,5964,9025,7693,15967,7288,2374
2020-10-26,140951,34840,13926,43820,5965,9045,7708,15985,7288,2374
2020-10-27,141123,34869,13932,43868,5969,9066,7723,16034,7288,2374
2020-10-28,141320,34898,13945,43919,5977,9076,7757,16085,7289,2374
2020-10-29,141483,34916,13966,43957,5993,9086,7778,16123,7289,2375
2020-10-30,141630,34962,13977,43979,6001,9092,7794,16160,7289,2376
2020-10-31,141756,34977,13977,43993,6010,9105,7809,16220,7289,2376
2020-11-01,141832,34995,13977,44017,6017,9105,7823,16233,7289,2376
2020-11-02,141866,34995,13987,44025,6017,9112,7832,16233,7289,2376
2020-11-03,141935,35000,13988,44048,6017,9124,7837,16249,7295,2377
2020-11-04,142061,35010,13999,44094,6023,9134,7849,16274,7300,2378
2020-11-05,142200,35048,14011,44134,6027,9142,7855,16300,7305,2378
2020-11-06,142342,35061,14014,44184,6038,9157,7869,16327,7311,2381
2020-11-07,142426,35075,14021,44196,6040,9163,7873,16363,7311,2384
2020-11-08,142474,35086,14023,44202,6056,9167,7882,16363,7311,2384
2020-11-09,142560,35088,14027,44243,6060,9174,7884,16386,7314,2384
2020-11-10,142663,35109,14033,44274,6062,9178,7892,16417,7314,2384
2020-11-11,142775,35115,14042,44311,6068,9198,7896,16443,7317,2385
2020-11-12,142888,35123,14062,44346,6082,9220,7898,16455,7317,2385
2020-11-13,143068,35182,14080,44397,6083,9242,7907,16470,7318,2389
2020-11-14,143180,35218,14083,44409,6087,9259,7922,16492,7318,2392
2020-11-15,143245,35237,14087,44435,6095,9259,7930,16492,7318,2392
2020-11-16,143370,35271,14109,44477,6099,9272,7933,16499,7318,2392
2020-11-17,143472,35286,14115,44522,6101,9274,7939,16518,7324,2393
2020-11-18,143568,35307,14117,44550,6104,9296,7942,16529,7330,2393
2020-11-19,143755,35369,14127,44587,6110,9339,7952,16546,7331,2394
2020-11-20,143853,35383,14136,44629,6120,9342,7960,16558,7331,2394
2020-11-21,143921,35389,14144,44649,6122,9347,7970,16575,7331,2394
2020-11-22,143977,35413,14145,44653,6133,9360,7973,16575,7331,2394
2020-11-23,144033,35414,14155,44683,6133,9361,7977,16585,7331,2394
2020-11-24,144146,35421,14169,44738,6136,9376,7982,16597,7332,2395
2020-11-25,144275,35437,14185,44782,6140,9399,7988,16609,7339,2396
2020-11-26,144389,35447,14217,44822,6145,9413,7991,16615,7339,2400
2020-11-27,144493,35466,14233,44853,6153,9425,8004,16618,7340,2401
2020-11-28,144591,35489,14238,44869,6154,9426,8021,16652,7340,2402
2020-11-29,144621,35494,14238,44877,6164,9430,8024,16652,7340,2402
2020-11-30,144707,35497,14253,44922,6167,9435,8030,16658,7342,2403
2020-12-01,144809,35504,14266,44984,6173,9437,8032,16667,7342,2404
2020-12-02,144993,35519,14280,45075,6183,9470,8040,16677,7344,2405
2020-12-03,145185,35564,14293,45163,6197,9482,8047,16689,7345,2405
2020-12-04,145324,35594,14307,45214,6212,9493,8054,16695,7348,2407
2020-12-05,145491,35626,14311,45276,6222,9521,8059,16713,7350,2413
2020-12-06,145559,35646,14315,45296,6232,9527,8067,16713,7350,2413
2020-12-07,145656,35649,14331,45351,6234,9541,8070,16717,7350,2413
2020-12-08,145845,35670,14345,45447,6240,9568,8084,16726,7352,2413
2020-12-09,146059,35685,14360,45588,6249,9585,8091,16732,7353,2416
2020-12-10,146384,35772,14381,45749,6256,9602,8103,16746,7354,2421
2020-12-11,146696,35838,14398,45935,6260,9606,8119,16758,7354,2428
2020-12-12,147029,35875,14414,46153,6272,9632,8125,16768,7356,2434
2020-12-13,147149,35923,14415,46199,6277,9641,8133,16770,7356,2435
2020-12-14,147344,35934,14424,46355,6279,9648,8138,16772,7358,2436
2020-12-15,147715,35998,14434,46605,6290,9652,8148,16790,7360,2438
2020-12-16,148213,36131,14455,46875,6301,9678,8158,16808,7364,2443
2020-12-17,148664,36263,14465,47115,6317,9690,8171,16820,7368,2455
2020-12-18,149148,36365,14494,47389,6342,9705,8187,16835,7371,2460
2020-12-19,149769,36482,14515,47769,6360,9723,8220,16858,7373,2469
2020-12-20,150022,36605,14521,47802,6384,9723,8276,16858,7373,2480
2020-12-21,150384,36651,14579,48029,6390,9728,8283,16870,7373,2481
2020-12-22,151058,36774,14638,48437,6403,9737,8304,16892,7383,2490
2020-12-23,152063,37099,14699,48913,6433,9748,8347,16922,7401,2501
2020-12-24,153120,37433,14765,49387,6455,9768,8417,16974,7409,2512
2020-12-25,153589,37604,14778,49523,6469,9801,8500,16974,7409,2531
2020-12-26,154348,37801,14865,49926,6475,9821,8518,16999,7409,2534
2020-12-27,154842,38014,14900,50132,6484,9821,8540,17000,7409,2542
2020-12-28,155593,38114,14962,50615,6490,9828,8574,17012,7454,2544
2020-12-29,156886,38393,15141,51266,6507,9851,8632,17061,7472,2563
2020-12-30,158371,38732,15263,51935,6564,9878,8738,17101,7567,2593
2020-12-31,160123,39085,15462,52810,6600,9922,8902,17137,7595,2610
2021-01-01,160984,39481,15510,52993,6660,9934,8975,17176,7611,2644
2021-01-02,162054,39867,15602,53419,6671,9935,9049,17239,7611,2661
2021-01-03,162660,39978,15697,53726,6685,9946,9093,17239,7611,2685
2021-01-04,163670,40088,15865,54221,6697,9981,9191,17272,7660,2695
2021-01-05,165267,40380,16067,55092,6721,10014,9251,17307,7723,2712
2021-01-06,166980,40667,16299,55781,6798,10080,9390,17369,7835,2761
2021-01-07,168890,41297,16505,56419,6837,10128,9492,17478,7916,2818
2021-01-08,171153,41965,16827,57202,6895,10147,9656,17521,8050,2890
2021-01-09,172797,42399,16979,57811,6971,10191,9799,17621,8119,2907
2021-01-10,173895,42842,17087,58138,7036,10219,9882,17621,8145,2925
2021-01-11,175287,43113,17306,58689,7061,10275,10011,17644,8231,2957
2021-01-12,176760,43357,17479,59277,7193,10304,10099,17713,8348,2990
2021-01-13,178817,43915,17664,60117,7249,10344,10253,17773,8468,3034
2021-01-14,181015,44444,17851,60933,7356,10470,10418,17853,8632,3058
2021-01-15,183588,45042,18142,61978,7423,10563,10547,17890,8896,3107
2021-01-16,185679,45584,18292,62867,7521,10637,10690,17984,8958,3146
2021-01-17,187182,46119,18375,63292,7621,10754,10842,18000,9006,3173
2021-01-18,188732,46387,18536,63966,7670,10789,10981,18073,9100,3230
2021-01-19,191089,46709,18863,65077,7751,10828,11115,18178,9282,3286
2021-01-20,193744,47222,19088,66235,7937,11024,11232,18242,9441,3323
2021-01-21,196392,47848,19319,67432,8016,11136,11383,18306,9599,3353
2021-01-22,198256,48132,19458,68128,8177,11255,11547,18471,9724,3364
2021-01-23,199988,48729,19623,68672,8288,11325,11697,18510,9768,3376
2021-01-24,201036,49069,19677,69056,8345,11374,11811,18519,9799,3386
2021-01-25,202817,49293,19894,69926,8438,11464,12033,18553,9808,3408
2021-01-26,205207,49848,20090,70873,8609,11510,12276,18673,9901,3427
2021-01-27,208073,50450,20375,72086,8738,11554,12501,18768,10157,3444
2021-01-28,210725,51049,20643,73225,8915,11639,12658,18861,10270,3465
2021-01-29,213391,51746,20892,74203,9072,11746,12894,18974,10382,3482
2021-01-30,215396,52357,21036,74993,9224,11820,13018,19028,10434,3486
2021-01-31,216834,52939,21121,75331,9386,11895,13167,19036,10461,3498
2021-02-01,218298,53369,21274,75948,9427,11944,13235,19096,10489,3516
2021-02-02,220425,53988,21454,76799,9534,12046,13315,19206,10550,3533
2021-02-03,222446,54549,21662,77537,9653,12172,13422,19280,10598,3573
2021-02-04,224233,54879,21882,78174,9775,12338,13568,19332,10675,3610
2021-02-05,225909,55244,22022,78790,9942,12445,13681,19405,10735,3645
2021-02-06,227127,55566,22150,79204,10066,12505,13750,19445,10763,3678
2021-02-07,227966,55916,22154,79321,10171,12613,13854,19449,10777,3711
2021-02-08,229186,56202,22289,79798,10216,12684,13946,19547,10783,3721
2021-02-09,230730,56493,22440,80483,10297,12772,14037,19652,10821,3735
2021-02-10,232501,56903,22631,81148,10415,12897,14131,19752,10864,3760
2021-02-11,233853,57209,22765,81787,10468,12897,14229,19843,10887,3768
2021-02-12,235097,57525,22860,82258,10504,13036,14318,19906,10911,3779
2021-02-13,236035,57734,22979,82569,10563,13105,14399,19967,10938,3781
2021-02-14,236731,57956,23029,82784,10602,13152,14496,19980,10948,3784
2021-02-15,237143,58063,23088,82892,10628,13175,14569,19996,10948,3784
2021-02-16,237705,58314,23140,82967,10678,13189,14669,20002,10955,3791
2021-02-17,238494,58456,23309,83276,10705,13196,14708,20085,10961,3798
2021-02-18,239523,58590,23455,83722,10801,13223,14766,20167,10990,3809
2021-02-19,240675,58842,23565,84174,10845,13296,14847,20275,11010,3821
2021-02-20,241770,59132,23648,84535,10987,13338,14919,20329,11056,3826
2021-02-21,242291,59277,23697,84715,11018,13379,14979,20331,11061,3834
2021-02-22,243175,59440,23804,85064,11067,13440,15032,20412,11076,3840
2021-02-23,244379,59637,23956,85610,11118,13495,15091,20514,11113,3845
2021-02-24,245718,59846,24119,86174,11261,13543,15160,20611,11148,3856
2021-02-25,246821,60083,24209,86635,11332,13606,15208,20705,11175,3868
2021-02-26,247890,60320,24353,86987,11432,13652,15275,20797,11196,3878
2021-02-27,248546,60491,24417,87207,11480,13673,15336,20847,11216,3879
2021-02-28,249009,60584,24457,87384,11517,13692,15408,20864,11224,3879
2021-03-01,249766,60659,24533,87739,11578,13735,15442,20947,11249,3884
2021-03-02,250556,60743,24631,88078,11613,13759,15530,21037,11276,3889
2021-03-03,251390,60862,24740,88420,11659,13787,15587,21148,11295,3892
2021-03-04,252359,61003,24864,88827,11764,13821,15658,21221,11307,3894
2021-03-05,253296,61258,24941,89125,11838,13873,15708,21334,11317,3902
2021-03-06,253949,61390,25041,89381,11882,13891,15757,21361,11341,3905
2021-03-07,254272,61531,25059,89441,11900,13923,15785,21373,11350,3910
2021-03-08,254735,61615,25122,89577,11942,13933,15818,21445,11361,3922
2021-03-09,255620,61751,25205,89988,11994,13966,15843,21543,11400,3930
2021-03-10,256461,61871,25307,90303,12062,13989,15890,21666,11431,3942
2021-03-11,257239,61998,25395,90611,12090,14014,15934,21757,11469,3971
2021-03-12,258323,62133,25473,91124,12190,14043,15995,21846,11524,3995
2021-03-13,259003,62273,25515,91462,12224,14072,16028,21863,11566,4000
2021-03-14,259388,62349,25537,91614,12235,14094,16067,21889,11597,4006
2021-03-15,260058,62403,25595,91958,12273,14129,16097,21962,11619,4022
2021-03-16,260987,62511,25681,92383,12320,14171,16131,22054,11698,4038
2021-03-17,262055,62646,25788,92829,12361,14194,16162,22137,11867,4071
2021-03-18,262940,62769,25852,93182,12396,14249,16225,22219,11935,4113
2021-03-19,263807,62825,25929,93550,12439,14308,16279,22303,12019,4155
2021-03-20,264410,62899,25974,93836,12473,14316,16344,22325,12081,4162
2021-03-21,264633,62946,26007,93885,12480,14328,16371,22337,12102,4177
2021-03-22,265206,62989,26079,94116,12502,14341,16410,22410,12148,4211
2021-03-23,266085,63079,26147,94522,12538,14370,16443,22486,12264,4236
2021-03-24,267058,63172,26270,94916,12573,14384,16507,22578,12382,4276
2021-03-25,267832,63250,26347,95248,12600,14402,16538,22646,12474,4327
2021-03-26,268710,63303,26442,95640,12650,14410,16578,22737,12547,4403
2021-03-27,269301,63343,26529,95896,12675,14414,16594,22766,12653,4431
2021-03-28,269627,63419,26567,95953,12692,14430,16640,22778,12686,4462
2021-03-29,270346,63487,26642,96232,12719,14437,16674,22868,12805,4482
2021-03-30,271418,63588,26751,96755,12770,14449,16707,22958,12902,4538
2021-03-31,272410,63673,26907,97153,12796,14458,16741,23059,13020,4603
2021-04-01,273326,63812,27035,97505,12831,14476,16787,23157,13083,4640
2021-04-02,273946,63945,27072,97741,12856,14485,16821,23172,13179,4675
2021-04-03,274466,64015,27118,97992,12865,14485,16866,23208,13219,4698
2021-04-04,274933,64051,27142,98267,12872,14514,16888,23213,13267,4719
2021-04-05,275817,64139,27238,98693,12898,14526,16903,23293,13357,4770
2021-04-06,276889,64193,27333,99246,12930,14548,16929,23397,13484,4829
2021-04-07,277965,64303,27477,99757,12974,14556,16968,23503,13555,4872
2021-04-08,279206,64519,27599,100316,12995,14599,16994,23608,13654,4922
2021-04-09,280648,64677,27741,101056,13068,14622,17047,23717,13752,4968
2021-04-10,281569,65007,27823,101358,13095,14653,17076,23743,13834,4980
2021-04-11,282094,65196,27852,101512,13109,14657,17103,23755,13912,4998
2021-04-12,283083,65246,27984,102005,13132,14679,17124,23860,14010,5043
2021-04-13,284182,65373,28125,102452,13179,14707,17161,23952,14157,5076
2021-04-14,285290,65525,28286,102873,13229,14741,17196,24082,14248,5110
2021-04-15,286113,65679,28440,103153,13286,14753,17238,24089,14324,5151
2021-04-16,287359,65897,28627,103678,13315,14771,17288,24195,14376,5212
2021-04-17,288544,66177,28725,104289,13354,14772,17326,24251,14409,5241
2021-04-18,289065,66308,28808,104429,13402,14775,17353,24272,14463,5255
2021-04-19,290361,66390,28986,105040,13438,14815,17418,24411,14575,5288
2021-04-20,291674,66509,29219,105621,13495,14850,17462,24515,14679,5324
2021-04-21,293060,66633,29493,106285,13554,14880,17517,24616,14732,5350
2021-04-22,294390,66772,29737,106893,13632,14898,17569,24705,14820,5364
2021-04-23,295891,67122,29983,107434,13697,14917,17615,24836,14885,5402
2021-04-24,297184,67477,30165,107901,13738,14936,17666,24888,14980,5433
2021-04-25,297658,67623,30270,108005,13770,14945,17712,24894,14992,5447
2021-04-26,298777,67666,30454,108556,13834,14962,17746,25018,15068,5473
2021-04-27,300257,67802,30779,109176,13908,14986,17794,25142,15166,5504
2021-04-28,301830,68032,31096,109859,13984,15008,17849,25253,15217,5532
2021-04-29,303731,68413,31475,110520,14069,15077,17910,25368,15346,5553
2021-04-30,305593,68651,31796,111409,14173,15099,17978,25485,15416,5586
2021-05-01,306526,68893,32008,111625,14228,15120,18039,25516,15503,5594
2021-05-02,307560,69194,32134,112018,14297,15142,18107,25543,15524,5601
2021-05-03,308983,69430,32488,112564,14326,15165,18150,25687,15550,5623
2021-05-04,310571,69576,32880,113087,14416,15202,18222,25857,15671,5660
2021-05-05,312406,69826,33320,113620,14550,15254,18327,25987,15841,5681
2021-05-06,314189,70009,33866,114222,14681,15273,18456,26094,15895,5693
2021-05-07,316152,70220,34381,114948,14811,15309,18594,26219,15957,5713
2021-05-08,317546,70426,34716,115410,14930,15363,18665,26256,16054,5726
2021-05-09,318609,70719,34918,115685,15038,15391,18770,26279,16081,5728
2021-05-10,320208,70845,35354,116355,15077,15416,18809,26412,16193,5747
2021-05-11,322577,71022,36081,117203,15243,15445,18924,26595,16295,5769
2021-05-12,324867,71260,36680,118042,15438,15487,19057,26741,16381,5781
2021-05-13,327223,71497,37365,118855,15618,15554,19154,26889,16498,5793
2021-05-14,329732,71935,38084,119555,15792,15612,19276,27061,16611,5806
2021-05-15,331515,72297,38460,120108,15988,15659,19408,27116,16667,5812
2021-05-16,332566,72522,38605,120491,16116,15710,19487,27139,16680,5816
2021-05-17,334823,72807,39246,121289,16155,15750,19563,27341,16830,5842
2021-05-18,337440,73037,39959,122245,16382,15816,19691,27567,16884,5859
2021-05-19,340206,73361,40732,123158,16600,15897,19857,27777,16936,5888
2021-05-20,343064,73615,41490,124283,16911,15945,19973,27953,16987,5907
2021-05-21,346069,73973,42353,125316,17149,16039,20154,28128,17028,5929
2021-05-22,348186,74326,42795,125988,17402,16110,20308,28239,17082,5936
2021-05-23,349652,74629,43223,126364,17563,16154,20412,28275,17095,5937
2021-05-24,352169,74932,43992,127184,17678,16195,20540,28552,17131,5965
2021-05-25,355348,75196,44944,128276,17829,16365,20634,28827,17287,5990
2021-05-26,358561,75542,45866,129269,18130,16460,20743,29065,17484,6002
2021-05-27,361579,76005,46692,130160,18362,16596,20882,29253,17620,6009
2021-05-28,364569,76396,47444,131186,18653,16661,21052,29463,17696,6018
2021-05-29,366713,76928,47867,131831,18819,16764,21166,29539,17778,6021
2021-05-30,368473,77336,48380,132127,18925,16930,21308,29585,17855,6027
2021-05-31,371278,77652,49295,132885,19102,17004,21567,29770,17952,6051
2021-06-01,374717,78215,50320,133987,19239,17147,21699,29982,18041,6087
2021-06-02,378027,78664,51214,135152,19427,17246,21925,30175,18124,6100
2021-06-03,380456,79260,51695,135827,19656,17357,22079,30269,18205,6108
2021-06-04,383456,79679,52445,136894,19808,17432,22249,30431,18384,6134
2021-06-05,385733,80163,52911,137675,19923,17480,22426,30565,18452,6138
2021-06-06,387161,80707,53243,137857,20041,17578,22522,30596,18472,6145
2021-06-07,389993,81089,53992,138773,20167,17682,22750,30802,18555,6183
2021-06-08,392974,81459,54771,139754,20316,17842,22966,31041,18626,6199
2021-06-09,396813,82246,55659,141005,20487,17977,23194,31264,18737,6244
2021-06-10,400046,82872,56429,142018,20651,18118,23442,31433,18809,6274
2021-06-11,403290,83535,57173,142953,20860,18300,23631,31613,18922,6303
2021-06-12,405346,84244,57552,143448,20935,18406,23767,31690,18978,6326
2021-06-13,406953,84798,57874,143798,21019,18450,23947,31723,19003,6341
2021-06-14,409105,85143,58379,144471,21118,18547,24127,31884,19047,6389
2021-06-15,411676,85480,59084,145309,21234,18641,24354,32066,19091,6417
2021-06-16,414512,86198,59561,146114,21334,18837,24589,32254,19188,6437
2021-06-17,417194,86706,60209,146946,21447,18969,24820,32403,19226,6468
2021-06-18,419312,87079,60687,147601,21537,19091,25026,32526,19278,6487
2021-06-19,420960,87683,60959,147965,21600,19188,25193,32575,19306,6491
2021-06-20,422046,87977,61296,148086,21640,19287,25332,32597,19325,6506
2021-06-21,422810,88190,61484,148201,21674,19334,25445,32621,19342,6519
2021-06-22,424477,88314,61874,148859,21742,19408,25598,32769,19377,6536
2021-06-23,426747,88733,62343,149597,21821,19574,25752,32917,19461,6549
2021-06-24,429177,89190,62824,150497,21940,19681,25899,33049,19521,6576
2021-06-25,431359,89549,63231,151261,22029,19815,26113,33165,19599,6597
2021-06-26,433012,89833,63627,151848,22096,19931,26229,33228,19622,6598
2021-06-27,433934,89969,63895,152108,22162,19970,26349,33242,19633,6606
2021-06-28,435567,90201,64248,152664,22221,20048,26518,33372,19674,6621
2021-06-29,437622,90708,64693,153221,22263,20198,26694,33501,19714,6630
2021-06-30,439623,91097,65098,153887,22350,20301,26899,33610,19738,6643
2021-07-01,441285,91367,65471,154445,22421,20393,27036,33713,19785,6654
2021-07-02,442883,91647,65765,154969,22489,20516,27184,33836,19816,6661
2021-07-03,444089,92138,65932,155280,22514,20556,27295,33878,19835,6661
2021-07-04,444967,92418,66022,155527,22531,20633,27415,33904,19849,6668
2021-07-05,446361,92649,66294,156055,22561,20672,27539,34054,19853,6684
2021-07-06,448212,93261,66586,156613,22603,20740,27661,34194,19861,6693
2021-07-07,449686,93500,66873,157103,22631,20862,27829,34310,19872,6706
2021-07-08,451223,93805,67086,157671,22680,20974,27962,34438,19896,6711
2021-07-09,452675,94018,67314,158243,22751,21044,28113,34558,19916,6718
2021-07-10,453594,94165,67432,158579,22801,21128,28240,34604,19925,6720
2021-07-11,454240,94284,67524,158837,22829,21171,28314,34628,19932,6721
2021-07-12,455435,94330,67735,159350,22936,21215,28438,34752,19943,6736
2021-07-13,456814,94470,67936,159886,22985,21298,28611,34917,19965,6746
2021-07-14,458211,94628,68175,160382,23013,21392,28787,35062,20019,6753
2021-07-15,459578,94816,68417,160906,23046,21446,28976,35176,20033,6762
2021-07-16,460817,95040,68693,161284,23079,21523,29093,35290,20051,6764
2021-07-17,461713,95230,68862,161525,23106,21574,29234,35343,20073,6766
2021-07-18,462153,95278,68930,161661,23152,21605,29319,35359,20082,6767
2021-07-19,463124,95315,69128,162057,23160,21635,29466,35507,20087,6769
2021-07-20,464176,95442,69354,162398,23180,21693,29614,35618,20107,6770
2021-07-21,465350,95630,69632,162758,23215,21756,29736,35723,20126,6774
2021-07-22,466317,95865,69802,162991,23246,21822,29870,35809,20138,6774
2021-07-23,467342,96073,69957,163322,23279,21893,30009,35889,20144,6776
2021-07-24,467974,96229,70049,163514,23312,21934,30097,35913,20148,6778
2021-07-25,468422,96368,70100,163633,23334,21943,30187,35930,20149,6778
2021-07-26,469181,96422,70228,163940,23343,21977,30301,36028,20159,6783
2021-07-27,470023,96545,70399,164221,23353,22047,30385,36111,20178,6784
2021-07-28,470928,96706,70547,164523,23382,22095,30518,36184,20180,6793
2021-07-29,471957,96945,70765,164821,23417,22149,30594,36273,20196,6797
2021-07-30,472812,97113,70936,165113,23443,22187,30681,36339,20202,6798
2021-07-31,473505,97296,71017,165361,23465,22242,30739,36380,20205,6800
2021-08-01,473898,97424,71056,165459,23494,22277,30781,36397,20210,6800
2021-08-02,474537,97463,71192,165726,23497,22308,30838,36493,20217,6803
2021-08-03,475264,97595,71343,165932,23528,22343,30906,36588,20225,6804
2021-08-04,476096,97706,71534,166217,23552,22417,30967,36657,20240,6806
2021-08-05,476794,97881,71640,166439,23572,22442,31043,36725,20245,6807
2021-08-06,477261,98000,71720,166508,23595,22498,31138,36742,20253,6807
2021-08-07,477695,98062,71784,166690,23603,22509,31211,36767,20262,6807
2021-08-08,478062,98125,71840,166800,23609,22525,31307,36781,20268,6807
2021-08-09,478670,98151,71993,167044,23616,22550,31359,36874,20276,6807
2021-08-10,479458,98233,72164,167344,23643,22592,31403,36989,20281,6809
2021-08-11,480228,98380,72302,167583,23666,22663,31458,37067,20299,6810
2021-08-12,480945,98559,72419,167825,23681,22698,31519,37120,20311,6813
2021-08-13,481630,98660,72540,168090,23700,22758,31575,37170,20319,6818
2021-08-14,482130,98827,72593,168208,23733,22781,31620,37225,20325,6818
2021-08-15,482427,98913,72627,168284,23754,22794,31680,37231,20326,6818
2021-08-16,483024,98954,72750,168491,23760,22835,31732,37341,20339,6822
2021-08-17,483730,99067,72871,168725,23791,22925,31762,37411,20347,6831
2021-08-18,484445,99202,72993,168946,23804,22975,31827,37508,20357,6833
2021-08-19,485183,99370,73089,169192,23827,23007,31896,37596,20371,6835
2021-08-20,485925,99513,73196,169464,23859,23036,31953,37687,20378,6839
2021-08-21,486393,99641,73249,169602,23878,23098,31983,37720,20383,6839
2021-08-22,486642,99716,73283,169664,23892,23114,32014,37727,20392,6840
2021-08-23,487130,99754,73377,169840,23892,23153,32059,37816,20394,6845
2021-08-24,487720,99818,73491,170067,23908,23194,32104,37892,20399,6847
2021-08-25,488402,99948,73625,170269,23935,23232,32172,37963,20408,6850
2021-08-26,488932,100093,73698,170399,23960,23259,32214,38045,20411,6853
2021-08-27,489446,100217,73790,170547,23980,23288,32259,38101,20411,6853
2021-08-28,489801,100334,73836,170618,24006,23318,32290,38134,20411,6854
2021-08-29,490055,100441,73863,170669,24019,23346,32314,38138,20411,6854
2021-08-30,490466,100479,73932,170835,24021,23380,32341,38209,20414,6855
2021-08-31,490878,100555,73996,170946,24040,23410,32372,38286,20418,6855
2021-09-01,491339,100661,74051,171077,24067,23437,32409,38356,20425,6856
2021-09-02,491758,100762,74125,171181,24090,23456,32454,38406,20428,6856
2021-09-03,492219,100890,74205,171270,24127,23485,32485,38461,20436,6860
2021-09-04,492508,100988,74223,171331,24151,23509,32505,38498,20443,6860
2021-09-05,492679,101040,74244,171353,24183,23518,32526,38508,20447,6860
2021-09-06,493022,101059,74316,171461,24190,23535,32569,38577,20453,6862
2021-09-07,493425,101114,74381,171579,24204,23583,32604,38632,20463,6865
2021-09-08,493821,101209,74438,171688,24239,23613,32630,38675,20464,6865
2021-09-09,494200,101287,74511,171787,24254,23644,32654,38723,20475,6865
2021-09-10,494571,101371,74551,171908,24270,23675,32695,38759,20477,6865
2021-09-11,494801,101468,74570,171966,24280,23691,32709,38774,20478,6865
2021-09-12,494942,101517,74587,171997,24290,23705,32721,38782,20478,6865
2021-09-13,495179,101530,74632,172083,24293,23734,32742,38820,20480,6865
2021-09-14,495519,101605,74662,172192,24309,23760,32767,38858,20501,6865
2021-09-15,495939,101737,74719,172288,24327,23789,32803,38907,20503,6866
2021-09-16,496261,101811,74775,172394,24338,23807,32840,38926,20504,6866
2021-09-17,496607,101877,74815,172536,24351,23837,32866,38954,20505,6866
2021-09-18,496857,101950,74833,172609,24366,23857,32900,38967,20505,6870
2021-09-19,497007,102000,74851,172644,24373,23859,32935,38970,20505,6870
2021-09-20,497293,102017,74916,172798,24374,23864,32955,38992,20505,6872
2021-09-21,497583,102065,74955,172902,24382,23881,32990,39027,20509,6872
2021-09-22,497891,102128,75009,173021,24392,23889,33020,39046,20513,6873
2021-09-23,498238,102200,75063,173156,24397,23901,33056,39076,20515,6874
2021-09-24,498502,102275,75120,173208,24400,23910,33098,39100,20517,6874
2021-09-25,498697,102321,75129,173266,24405,23931,33131,39123,20517,6874
2021-09-26,498802,102345,75135,173297,24413,23938,33157,39126,20517,6874
2021-09-27,499109,102362,75177,173456,24416,23945,33182,39177,20518,6876
2021-09-28,499555,102415,75241,173680,24431,23965,33216,39212,20518,6877
2021-09-29,499997,102481,75326,173874,24438,23984,33246,39243,20526,6879
2021-09-30,500352,102546,75403,174008,24453,23986,33271,39263,20542,6880
2021-10-01,500730,102621,75467,174166,24461,23993,33291,39308,20543,6880
2021-10-02,501086,102708,75513,174317,24473,24004,33313,39316,20562,6880
2021-10-03,501269,102762,75533,174377,24493,24009,33334,39319,20562,6880
2021-10-04,501523,102787,75564,174534,24495,24013,33351,39337,20562,6880
2021-10-05,501954,102864,75630,174731,24504,24023,33379,39374,20564,6885
2021-10-06,502457,102960,75707,174960,24515,24035,33417,39405,20571,6887
2021-10-07,502929,103049,75807,175144,24531,24044,33462,39433,20571,6888
2021-10-08,503339,103127,75858,175329,24548,24053,33508,39453,20573,6890
2021-10-09,503642,103194,75890,175451,24557,24068,33553,39464,20575,6890
2021-10-10,503829,103244,75902,175537,24570,24071,33573,39467,20575,6890
2021-10-11,504028,103253,75955,175606,24570,24084,33609,39486,20575,6890
2021-10-12,504508,103334,76043,175833,24576,24097,33645,39514,20575,6891
2021-10-13,505064,103407,76158,176081,24586,24113,33713,39537,20578,6891
2021-10-14,505606,103508,76233,176303,24593,24130,33787,39580,20581,6891
2021-10-15,506057,103583,76294,176502,24605,24140,33851,39606,20585,6891
2021-10-16,506384,103633,76340,176614,24671,24144,33891,39614,20586,6891
2021-10-17,506561,103684,76364,176684,24675,24159,33901,39615,20586,6893
2021-10-18,507041,103703,76445,176946,24679,24166,33968,39652,20588,6894
2021-10-19,507590,103758,76547,177205,24685,24179,34028,39698,20592,6898
2021-10-20,508073,103816,76627,177434,24694,24190,34088,39730,20596,6898
2021-10-21,508609,103872,76733,177696,24710,24205,34128,39768,20599,6898
2021-10-22,509183,103951,76848,177933,24733,24219,34186,39814,20601,6898
2021-10-23,509616,104053,76898,178118,24752,24236,34237,39823,20601,6898
2021-10-24,509826,104091,76939,178192,24765,24243,34270,39824,20602,6900
2021-10-25,510378,104124,77037,178499,24767,24245,34318,39881,20605,6902
2021-10-26,511055,104196,77152,178832,24784,24254,34389,39934,20612,6902
2021-10-27,511762,104287,77289,179179,24800,24272,34436,39980,20615,6904
2021-10-28,512368,104369,77397,179478,24813,24280,34482,40027,20615,6907
2021-10-29,513020,104452,77495,179798,24823,24285,34552,40086,20615,6914
2021-10-30,513492,104534,77545,180031,24845,24292,34603,40110,20618,6914
2021-10-31,513718,104576,77562,180144,24868,24298,34622,40116,20618,6914
2021-11-01,514200,104591,77669,180409,24868,24305,34664,40160,20619,6915
2021-11-02,514587,104638,77731,180643,24881,24312,34680,40166,20620,6916
2021-11-03,515281,104692,77847,181021,24892,24321,34738,40233,20621,6916
2021-11-04,516161,104773,77936,181527,24905,24334,34819,40327,20622,6918
2021-11-05,517137,104860,78054,182144,24926,24341,34878,40380,20635,6919
2021-11-06,517810,104981,78111,182526,24961,24350,34914,40411,20636,6920
2021-11-07,518174,105044,78134,182747,24983,24352,34938,40415,20637,6924
2021-11-08,518778,105073,78266,183017,24997,24357,34999,40489,20655,6925
2021-11-09,519577,105157,78446,183358,25026,24368,35055,40577,20663,6927
2021-11-10,520461,105334,78586,183739,25052,24382,35119,40655,20667,6927
2021-11-11,521426,105478,78741,184212,25071,24408,35191,40727,20670,6928
2021-11-12,522438,105612,78891,184771,25107,24426,35233,40791,20678,6929
2021-11-13,523052,105755,78950,185055,25136,24448,35281,40816,20682,6929
2021-11-14,523393,105828,78985,185207,25155,24452,35325,40828,20684,6929
2021-11-15,524169,105858,79178,185603,25159,24452,35373,40918,20693,6935
2021-11-16,525095,105966,79321,186056,25185,24463,35433,41022,20708,6941
2021-11-17,526214,106115,79465,186659,25219,24477,35501,41101,20716,6961
2021-11-18,527288,106263,79638,187220,25247,24494,35556,41183,20719,6968
2021-11-19,528315,106430,79767,187775,25265,24508,35600,41268,20722,6980
2021-11-20,528983,106577,79832,188079,25289,24514,35662,41317,20726,6987
2021-11-21,529394,106654,79885,188277,25309,24517,35711,41327,20726,6988
2021-11-22,530277,106676,80032,188766,25317,24532,35781,41440,20727,7006
2021-11-23,531336,106779,80191,189359,25345,24540,35829,41542,20736,7015
2021-11-24,532539,106969,80332,190007,25383,24549,35879,41656,20738,7026
2021-11-25,533664,107125,80466,190566,25401,24569,35936,41815,20746,7040
2021-11-26,535023,107279,80628,191311,25423,24598,36050,41929,20751,7054
2021-11-27,535665,107401,80678,191657,25436,24611,36069,41995,20754,7064
2021-11-28,536380,107487,80719,192170,25451,24613,36104,42009,20754,7073
2021-11-29,537467,107521,80852,192833,25457,24616,36151,42160,20774,7103
2021-11-30,538555,107626,80981,193442,25474,24633,36175,42319,20781,7124
2021-12-01,539670,107765,81075,193992,25504,24652,36248,42451,20807,7176
2021-12-02,540777,107900,81217,194558,25536,24662,36299,42575,20815,7215
2021-12-03,541997,108055,81381,195184,25556,24679,36343,42721,20822,7256
2021-12-04,542767,108197,81446,195595,25590,24697,36371,42774,20827,7270
2021-12-05,543298,108280,81474,195905,25607,24698,36402,42813,20837,7282
2021-12-06,544574,108314,81601,196762,25612,24708,36434,42987,20846,7310
2021-12-07,546063,108466,81687,197652,25650,24725,36478,43187,20859,7359
2021-12-08,547800,108660,81934,198558,25697,24746,36529,43383,20883,7410
2021-12-09,549546,108813,82082,199647,25726,24758,36573,43590,20901,7456
2021-12-10,551424,108998,82249,200791,25765,24775,36636,43775,20918,7517
2021-12-11,552494,109186,82318,201355,25815,24778,36666,43922,20929,7525
2021-12-12,553016,109294,82346,201659,25835,24784,36679,43953,20929,7537
2021-12-13,554907,109370,82539,202850,25843,24799,36762,44214,20943,7587
2021-12-14,556673,109525,82715,203828,25877,24817,36817,44433,20989,7672
2021-12-15,558473,109740,82852,204840,25914,24827,36866,44666,21009,7759
2021-12-16,560592,109985,82989,206137,25961,24840,36939,44874,21059,7808
2021-12-17,562546,110209,83129,207226,25998,24865,37028,45104,21097,7890
2021-12-18,563766,110396,83192,207951,26028,24914,37082,45170,21125,7908
2021-12-19,564655,110571,83243,208511,26052,24921,37113,45200,21132,7912
2021-12-20,566499,110653,83426,209710,26070,24936,37181,45406,21157,7960
2021-12-21,568875,110821,83627,211203,26110,24957,37259,45684,21184,8030
2021-12-22,570784,111070,83791,212271,26161,24982,37349,45872,21207,8081
2021-12-23,573026,111394,83960,213512,26215,25009,37429,46113,21254,8140
2021-12-24,575155,111629,84177,214791,26277,25025,37520,46279,21275,8182
2021-12-25,576510,111909,84210,215649,26328,25054,37550,46329,21292,8189
2021-12-26,577716,112043,84239,216568,26356,25065,37585,46352,21296,8212
2021-12-27,580598,112104,84585,218505,26368,25086,37691,46667,21354,8238
2021-12-28,585532,112555,85000,221783,26427,25137,37864,47002,21465,8299
2021-12-29,591681,112971,85505,226159,26504,25183,38110,47373,21537,8339
2021-12-30,599661,113418,86017,232085,26607,25252,38386,47858,21651,8387
2021-12-31,607389,113978,86495,237797,26683,25352,38650,48233,21779,8422
2022-01-01,610939,114505,86647,240320,26812,25444,38672,48303,21814,8422
2022-01-02,614849,114627,86827,243493,26896,25459,38843,48396,21868,8440
2022-01-03,622220,114711,87411,248989,26958,25515,39218,48945,22009,8464
2022-01-04,631462,115004,88399,255036,27128,25680,39763,49653,22298,8501
2022-01-05,641725,115501,89721,261322,27435,25802,40432,50400,22575,8537
2022-01-06,652727,116313,90934,267465,27890,26249,41238,51232,22841,8565
2022-01-07,663917,117124,92294,273017,28428,26675,42312,52225,23235,8607
2022-01-08,671740,117954,93139,276449,29013,27197,43075,52876,23416,8621
2022-01-09,677074,118738,93853,278194,29583,27479,43684,53363,23559,8621
2022-01-10,685931,119284,95519,282186,29775,27675,44505,54498,23813,8676
2022-01-11,697144,120204,97817,285916,30352,28186,45924,55761,24237,8747
2022-01-12,711207,121616,100418,290468,31272,28869,47595,57471,24655,8843
2022-01-13,725367,123745,102825,294605,32377,29506,49160,59350,24922,8877
2022-01-14,739828,126060,105754,298003,33597,30248,50582,61217,25277,9090
2022-01-15,748978,128114,107125,299580,34645,30854,51745,62303,25486,9126
2022-01-16,754243,129571,107886,300517,35453,31192,52175,62789,25528,9132
2022-01-17,763300,130375,110108,303235,35733,31610,53380,63907,25707,9245
2022-01-18,774135,131854,112512,305619,36465,32060,54644,65392,26124,9465
2022-01-19,785002,133943,114919,307883,37357,32528,55756,66594,26370,9652
2022-01-20,794995,135965,116931,309928,38110,33159,56697,67795,26581,9829
2022-01-21,804585,138196,119112,311588,38747,33880,57564,68764,26805,9929
2022-01-22,810136,139991,120112,312303,39326,34334,57954,69186,26980,9950
2022-01-23,813517,141270,120685,312878,39619,34476,58172,69392,27063,9962
2022-01-24,820491,142431,122460,314860,39786,34713,58753,70104,27285,10099
2022-01-25,828140,143986,124552,316532,40140,35008,59354,70735,27572,10261
2022-01-26,835078,145803,126082,317943,40497,35412,59768,71348,27766,10459
2022-01-27,841665,147752,127391,319140,40788,35670,60338,72050,27951,10585
2022-01-28,847088,149248,128593,320340,41037,35997,60683,72449,28008,10733
2022-01-29,850105,149989,129179,320966,41213,36350,60913,72648,28070,10777
2022-01-30,852188,150927,129452,321305,41323,36513,61062,72696,28105,10805
2022-01-31,855613,151634,130286,322227,41359,36722,61300,73003,28187,10895
2022-02-01,859438,152699,131166,323282,41476,36909,61499,73213,28241,10953
2022-02-02,863583,153971,132115,324368,41563,37059,61721,73471,28283,11032
2022-02-03,866979,154937,132885,325396,41644,37138,61927,73679,28300,11073
2022-02-04,869800,155639,133518,326203,41725,37258,62095,73821,28395,11146
2022-02-05,871657,156297,133946,326619,41799,37400,62161,73858,28420,11157
2022-02-06,872719,156644,134112,326976,41828,37472,62196,73866,28464,11161
2022-02-07,874814,156981,134645,327826,41835,37516,62298,73979,28522,11212
2022-02-08,877047,157392,135177,328697,41881,37597,62371,74068,28589,11275
2022-02-09,878830,157880,135555,329197,41920,37689,62448,74175,28668,11298
2022-02-10,880799,158309,135925,330070,41963,37760,62501,74214,28719,11338
2022-02-11,882557,158674,136225,330908,41987,37817,62553,74250,28775,11368
2022-02-12,883290,158950,136298,331147,42006,37853,62599,74262,28805,11370
2022-02-13,883642,159097,136327,331236,42022,37861,62610,74272,28841,11376
2022-02-14,884912,159159,136538,332016,42028,37930,62652,74330,28863,11396
2022-02-15,886016,159342,136739,332560,42050,37966,62689,74370,28892,11408
2022-02-16,886997,159536,136868,333041,42069,37995,62731,74415,28920,11422
2022-02-17,888083,159714,137082,333605,42080,38017,62751,74443,28944,11447
2022-02-18,888913,159869,137249,333971,42102,38038,62784,74467,28959,11474
2022-02-19,889380,159979,137314,334206,42110,38064,62796,74475,28962,11474
2022-02-20,889616,160072,137337,334274,42119,38076,62807,74484,28970,11477
2022-02-21,890289,160108,137505,334641,42121,38092,62829,74509,28975,11509
2022-02-22,890981,160199,137659,335005,42131,38116,62850,74522,28981,11518
2022-02-23,891720,160291,137787,335419,42152,38152,62879,74532,28988,11520
2022-02-24,892406,160395,137846,335855,42163,38176,62905,74543,29000,11523
2022-02-25,892917,160474,137894,336181,42171,38189,62921,74552,29008,11527
2022-02-26,893092,160523,137922,336261,42172,38194,62924,74557,29012,11527
2022-02-27,893199,160561,137929,336294,42172,38199,62947,74558,29012,11527
2022-02-28,893264,160569,137934,336332,42172,38207,62953,74558,29012,11527
2022-03-01,893381,160584,137965,336395,42172,38212,62954,74558,29014,11527
2022-03-02,893644,160598,138029,336525,42173,38214,62978,74565,29021,11541
2022-03-03,894069,160647,138115,336749,42182,38223,62987,74582,29023,11561
2022-03-04,894420,160722,138178,336909,42189,38228,63009,74594,29026,11565
2022-03-05,894836,160786,138213,337172,42197,38238,63025,74601,29039,11565
2022-03-06,894967,160808,138224,337255,42201,38238,63033,74604,29039,11565
2022-03-07,895293,160830,138276,337470,42204,38246,63045,74613,29043,11566
2022-03-08,895723,160880,138365,337710,42216,38252,63058,74622,29049,11571
2022-03-09,896184,160936,138472,337943,42235,38271,63077,74628,29051,11571
2022-03-10,896613,160991,138546,338185,42240,38296,63092,74634,29057,11572
2022-03-11,896967,161029,138654,338354,42244,38301,63109,74639,29062,11575
2022-03-12,897220,161093,138694,338472,42255,38306,63116,74641,29068,11575
2022-03-13,897324,161121,138709,338513,42258,38308,63120,74646,29072,11577
2022-03-14,897805,161129,139028,338627,42261,38312,63129,74655,29074,11590
2022-03-15,898299,161203,139307,338723,42265,38320,63145,74662,29079,11595
2022-03-16,898776,161271,139453,338926,42268,38329,63165,74679,29081,11604
2022-03-17,899052,161347,139509,339030,42276,38335,63178,74689,29081,11607
2022-03-18,899359,161410,139583,339176,42279,38337,63184,74699,29084,11607
2022-03-19,899532,161460,139609,339247,42282,38347,63188,74701,29091,11607
2022-03-20,899622,161491,139617,339291,42284,38347,63193,74701,29091,11607
2022-03-21,899834,161502,139686,339402,42285,38349,63203,74708,29092,11607
2022-03-22,900095,161527,139756,339533,42287,38357,63213,74719,29095,11608
2022-03-23,900392,161588,139782,339710,42289,38364,63218,74726,29107,11608
2022-03-24,900680,161664,139840,339830,42295,38373,63226,74731,29110,11611
2022-03-25,900943,161746,139885,339937,42299,38379,63234,74738,29111,11614
2022-03-26,901127,161853,139903,339970,42301,38397,63239,74739,29111,11614
2022-03-27,901202,161892,139910,339986,42301,38407,63241,74740,29111,11614
2022-03-28,901422,161930,139972,340092,42301,38411,63242,74746,29111,11617
2022-03-29,901587,161971,139991,340172,42302,38417,63247,74755,29115,11617
2022-03-30,901778,162025,140029,340253,42304,38421,63248,74760,29118,11620
2022-03-31,901970,162065,140061,340352,42306,38422,63256,74763,29125,11620
2022-04-01,902151,162096,140100,340438,42307,38427,63257,74767,29137,11622
2022-04-02,902283,162141,140127,340464,42314,38433,63269,74772,29141,11622
2022-04-03,902332,162157,140131,340481,42316,38439,63272,74773,29141,11622
2022-04-04,902440,162175,140158,340525,42317,38440,63277,74783,29142,11623
2022-04-05,902584,162195,140217,340570,42321,38442,63283,74787,29146,11623
2022-04-06,902755,162237,140254,340631,42325,38450,63288,74797,29149,11624
2022-04-07,902897,162260,140295,340699,42325,38452,63293,74798,29150,11625
2022-04-08,903079,162285,140308,340832,42325,38457,63296,74801,29150,11625
2022-04-09,903141,162308,140313,340855,42328,38459,63297,74803,29153,11625
2022-04-10,903231,162364,140318,340869,42328,38461,63299,74803,29155,11634
2022-04-11,903312,162381,140335,340907,42328,38464,63304,74803,29156,11634
2022-04-12,903419,162407,140358,340946,42332,38468,63312,74805,29157,11634
2022-04-13,903512,162432,140383,340977,42332,38469,63318,74807,29157,11637
2022-04-14,903611,162447,140404,341027,42333,38472,63323,74809,29158,11638
2022-04-15,903663,162479,140410,341034,42334,38475,63325,74809,29159,11638
2022-04-16,903723,162504,140424,341049,42335,38475,63326,74812,29160,11638
2022-04-17,903743,162513,140426,341056,42336,38475,63326,74812,29161,11638
2022-04-18,903864,162557,140457,341086,42336,38478,63331,74813,29166,11640
2022-04-19,903961,162579,140474,341127,42337,38484,63337,74814,29167,11642
2022-04-20,904047,162590,140495,341170,42340,38487,63341,74814,29168,11642
2022-04-21,904129,162602,140517,341204,42340,38489,63348,74817,29170,11642
2022-04-22,904212,162625,140533,341230,42341,38492,63358,74817,29172,11644
2022-04-23,904281,162653,140543,341258,42342,38492,63360,74817,29172,11644
2022-04-24,904314,162663,140544,341277,42342,38492,63361,74818,29173,11644
2022-04-25,904411,162690,140558,341324,42343,38492,63365,74819,29174,11646
2022-04-26,904492,162711,140588,341341,42344,38494,63373,74820,29174,11647
2022-04-27,904593,162732,140621,341360,42349,38495,63394,74820,29175,11647
2022-04-28,904718,162790,140631,341397,42354,38497,63405,74821,29176,11647
2022-04-29,904809,162828,140643,341429,42356,38499,63408,74822,29176,11648
2022-04-30,904876,162851,140647,341459,42356,38503,63412,74824,29176,11648
2022-05-01,904909,162868,140649,341468,42357,38503,63415,74824,29176,11649
2022-05-02,904932,162875,140650,341478,42358,38503,63418,74824,29177,11649
2022-05-03,904985,162880,140670,341504,42358,38503,63418,74824,29177,11651
2022-05-04,905047,162892,140680,341523,42362,38507,63429,74824,29178,11652
2022-05-05,905107,162913,140690,341542,42364,38507,63433,74826,29179,11653
2022-05-06,905190,162930,140718,341552,42375,38509,63443,74828,29180,11655
2022-05-07,905263,162935,140727,341583,42384,38526,63445,74828,29180,11655
2022-05-08,905288,162936,140735,341595,42385,38526,63446,74828,29180,11657
2022-05-09,905365,162943,140759,341631,42385,38530,63448,74831,29181,11657
2022-05-10,905490,162948,140775,341706,42388,38538,63459,74832,29185,11659
2022-05-11,905655,162964,140801,341805,42390,38542,63474,74833,29187,11659
2022-05-12,905829,162981,140830,341905,42394,38550,63486,74834,29187,11662
2022-05-13,905918,162988,140847,341957,42395,38558,63488,74835,29188,11662
2022-05-14,905981,162994,140871,341980,42396,38558,63495,74837,29188,11662
2022-05-15,906056,162996,140884,342012,42396,38584,63495,74837,29189,11663
2022-05-16,906168,163000,140921,342075,42396,38584,63501,74839,29189,11663
2022-05-17,906297,163011,140979,342125,42396,38585,63506,74840,29191,11664
2022-05-18,906432,163033,141006,342199,42401,38587,63508,74842,29191,11665
2022-05-19,906578,163047,141032,342283,42403,38595,63513,74847,29192,11666
2022-05-20,906848,163060,141074,342459,42405,38618,63524,74849,29192,11667
2022-05-21,907059,163070,141087,342637,42405,38621,63530,74850,29192,11667
2022-05-22,907142,163081,141089,342696,42406,38625,63535,74851,29192,11667
2022-05-23,907300,163082,141132,342798,42406,38631,63537,74852,29193,11669
2022-05-24,907602,163097,141184,342904,42407,38643,63649,74856,29193,11669
2022-05-25,907793,163113,141209,343024,42409,38643,63670,74860,29194,11671
2022-05-26,907972,163136,141230,343135,42413,38645,63683,74864,29194,11672
2022-05-27,908218,163150,141266,343315,42414,38649,63692,74865,29195,11672
2022-05-28,908360,163161,141293,343397,42416,38656,63703,74867,29195,11672
2022-05-29,908494,163183,141337,343457,42418,38656,63706,74868,29195,11674
2022-05-30,908697,163187,141375,343591,42418,38657,63720,74880,29195,11674
2022-05-31,908945,163232,141450,343698,42418,38660,63731,74883,29198,11675
2022-06-01,909207,163266,141524,343798,42419,38663,63746,74915,29198,11678
2022-06-02,909468,163299,141586,343924,42420,38664,63774,74925,29198,11678
2022-06-03,909754,163338,141664,344045,42422,38666,63808,74934,29199,11678
2022-06-04,909969,163393,141713,344119,42428,38668,63833,74937,29200,11678
2022-06-05,910063,163420,141742,344148,42429,38669,63839,74938,29200,11678
2022-06-06,910351,163425,141806,344312,42430,38669,63872,74954,29205,11678
2022-06-07,910667,163462,141894,344463,42431,38670,63902,74960,29207,11678
2022-06-08,911023,163509,141960,344640,42432,38670,63947,74979,29207,11679
2022-06-09,911470,163556,142048,344876,42434,38676,64002,74992,29207,11679
2022-06-10,911870,163616,142119,345073,42436,38676,64057,75006,29207,11680
2022-06-11,912107,163668,142154,345186,42437,38677,64089,75007,29207,11682
2022-06-12,912308,163723,142193,345264,42438,38678,64115,75008,29207,11682
2022-06-13,912704,163732,142276,345492,42438,38678,64176,75022,29207,11683
2022-06-14,913197,163785,142341,345775,42439,38680,64257,75029,29207,11684
2022-06-15,913709,163870,142424,346011,42442,38682,64333,75037,29226,11684
2022-06-16,914087,163987,142476,346142,42444,38690,64394,75041,29228,11685
2022-06-17,914662,164046,142579,346440,42444,38695,64499,75044,29229,11686
2022-06-18,915059,164157,142654,346625,42444,38699,64518,75046,29230,11686
2022-06-19,915335,164222,142716,346732,42446,38699,64555,75046,29233,11686
2022-06-20,915927,164257,142816,347102,42446,38701,64629,75050,29240,11686
2022-06-21,916466,164353,142914,347366,42454,38704,64693,75052,29244,11686
2022-06-22,917372,164422,143098,347875,42456,38705,64821,75059,29249,11687
2022-06-23,918386,164526,143304,348405,42484,38710,64944,75068,29257,11688
2022-06-24,919572,164683,143532,349051,42492,38716,65058,75088,29261,11691
2022-06-25,920430,164847,143746,349412,42506,38723,65147,75091,29267,11691
2022-06-26,920939,164950,143829,349677,42511,38723,65197,75092,29269,11691
2022-06-27,921956,164982,144024,350331,42511,38723,65311,75110,29272,11692
2022-06-28,923358,165152,144341,351015,42521,38740,65447,75134,29312,11696
2022-06-29,924931,165399,144729,351748,42528,38749,65570,75154,29350,11704
2022-06-30,926553,165590,145169,352454,42542,38759,65760,75175,29394,11710
2022-07-01,928285,165845,145567,353241,42556,38762,65904,75216,29475,11719
2022-07-02,929379,166054,145771,353720,42563,38773,66024,75236,29511,11727
2022-07-03,930008,166155,145926,354005,42572,38776,66067,75243,29535,11729
2022-07-04,931790,166225,146446,354872,42573,38781,66267,75278,29597,11751
2022-07-05,934070,166568,147001,355806,42588,38812,66503,75334,29691,11767
2022-07-06,936537,166940,147736,356646,42620,38831,66826,75373,29772,11793
2022-07-07,939447,167362,148549,357721,42648,38857,67143,75452,29884,11831
2022-07-08,942142,167779,149298,358627,42669,38902,67457,75540,29996,11874
2022-07-09,944121,168233,149825,359184,42709,38944,67679,75587,30074,11886
2022-07-10,945453,168497,150221,359610,42739,38953,67843,75607,30094,11889
2022-07-11,948490,168653,151267,360707,42752,38976,68213,75780,30200,11942
2022-07-12,952291,169080,152518,361822,42811,39062,68696,76006,30298,11998
2022-07-13,956464,169778,153838,362878,42871,39142,69124,76339,30420,12074
2022-07-14,960614,170333,155149,364034,42957,39243,69595,76653,30522,12128
2022-07-15,965093,170986,156549,365123,43034,39361,70125,77081,30611,12223
2022-07-16,968047,171591,157391,365777,43140,39490,70456,77230,30704,12268
2022-07-17,969487,171862,157767,366119,43195,39597,70645,77300,30727,12275
2022-07-18,973840,172139,159425,367417,43217,39637,71128,77767,30781,12329
2022-07-19,979573,172706,161454,368891,43396,39860,71639,78365,30843,12419
2022-07-20,985465,173369,163398,370412,43555,40021,72219,78994,30981,12516
2022-07-21,991515,174270,165327,372056,43710,40158,72714,79567,31122,12591
2022-07-22,997450,175274,167203,373541,43914,40398,73132,80109,31211,12668
2022-07-23,1001048,176163,168179,374392,44143,40579,73363,80271,31262,12696
2022-07-24,1003235,176652,168892,374830,44262,40649,73523,80452,31269,12706
2022-07-25,1007754,176965,170755,375633,44327,40721,74010,81207,31344,12792
2022-07-26,1014087,177831,172936,377171,44573,40969,74468,81808,31448,12883
2022-07-27,1020513,178991,174928,378763,44804,41251,74949,82336,31540,12951
2022-07-28,1026527,179874,177009,380191,45081,41475,75396,82860,31617,13024
2022-07-29,1031858,180770,178798,381344,45329,41755,75781,83323,31684,13074
2022-07-30,1035428,181788,179708,381931,45582,41984,76051,83497,31809,13078
2022-07-31,1037335,182257,180373,382315,45725,42089,76155,83530,31810,13081
2022-08-01,1041674,182865,181793,383580,45795,42136,76628,83872,31843,13162
2022-08-02,1047033,183720,183406,385004,46087,42404,76987,84343,31880,13202
2022-08-03,1051865,184571,184697,386310,46345,42645,77333,84769,31952,13243
2022-08-04,1056213,185342,185862,387534,46608,42900,77608,85099,31986,13274
2022-08-05,1060319,186174,187022,388413,46874,43191,77911,85394,32055,13285
2022-08-06,1062607,186922,187613,388758,47103,43353,78026,85455,32063,13314
2022-08-07,1064240,187436,188000,389219,47198,43419,78097,85475,32077,13319
2022-08-08,1067173,188001,189024,389791,47239,43571,78351,85744,32090,13362
2022-08-09,1070356,188817,190109,390193,47453,43737,78543,85986,32127,13391
2022-08-10,1073428,189516,190835,391117,47615,43951,78711,86133,32145,13405
2022-08-11,1076650,190269,191518,392140,47773,44153,78874,86317,32172,13434
2022-08-12,1079206,190887,192132,392781,47928,44324,79051,86411,32239,13453
2022-08-13,1081041,191602,192455,393156,48063,44485,79113,86447,32267,13453
2022-08-14,1082087,192152,192582,393377,48118,44520,79152,86462,32268,13456
2022-08-15,1083848,192467,192981,394048,48138,44593,79277,86603,32273,13468
2022-08-16,1086182,193173,193409,394706,48239,44739,79417,86728,32289,13482
2022-08-17,1088126,193733,193838,395254,48328,44845,79518,86812,32310,13488
2022-08-18,1089832,194247,194201,395668,48419,44959,79610,86907,32323,13498
2022-08-19,1091303,194897,194438,395985,48496,45020,79682,86953,32324,13508
2022-08-20,1092355,195359,194623,396210,48553,45081,79723,86972,32325,13509
2022-08-21,1093053,195741,194684,396348,48603,45101,79753,86978,32332,13513
2022-08-22,1094120,195939,194950,396727,48653,45117,79815,87059,32343,13517
2022-08-23,1095458,196337,195236,397068,48712,45185,79893,87149,32360,13518
2022-08-24,1096679,196770,195450,397377,48761,45235,79965,87219,32370,13532
2022-08-25,1097862,197154,195654,397738,48811,45269,80039,87283,32378,13536
2022-08-26,1098869,197542,195786,398051,48855,45290,80095,87330,32381,13539
2022-08-27,1099553,197877,195861,398219,48884,45327,80120,87343,32383,13539
2022-08-28,1099947,198082,195895,398342,48894,45330,80133,87347,32383,13541
2022-08-29,1100655,198164,196043,398686,48902,45374,80169,87390,32386,13541
2022-08-30,1101487,198427,196181,398931,48945,45409,80209,87444,32396,13545
2022-08-31,1102212,198672,196296,399194,48962,45433,80239,87465,32396,13555
2022-09-01,1102843,198931,196401,399372,48977,45445,80271,87486,32404,13556
2022-09-02,1103391,199186,196483,399522,48988,45458,80288,87504,32406,13556
2022-09-03,1103724,199379,196516,399604,48998,45463,80293,87508,32406,13557
2022-09-04,1103937,199495,196543,399640,49006,45474,80297,87511,32408,13563
2022-09-05,1104256,199530,196614,399799,49009,45478,80318,87529,32415,13564
2022-09-06,1104693,199624,196717,399959,49035,45496,80336,87546,32415,13565
2022-09-07,1105071,199757,196761,400108,49058,45501,80347,87554,32419,13566
2022-09-08,1105378,199839,196814,400224,49069,45512,80359,87575,32420,13566
2022-09-09,1105647,199923,196841,400324,49100,45522,80364,87586,32421,13566
2022-09-10,1105870,200032,196848,400392,49123,45527,80369,87589,32423,13567
2022-09-11,1105977,200095,196851,400427,49125,45531,80369,87589,32423,13567
2022-09-12,1106154,200133,196875,400523,49125,45533,80377,87597,32423,13568
2022-09-13,1106373,200216,196899,400604,49133,45543,80384,87602,32424,13568
2022-09-14,1106565,200292,196912,400677,49139,45553,80395,87605,32424,13568
2022-09-15,1106735,200363,196947,400725,49141,45555,80402,87609,32425,13568
2022-09-16,1106884,200406,196967,400786,49143,45564,80406,87617,32427,13568
2022-09-17,1106974,200450,196976,400808,49145,45568,80410,87620,32428,13569
2022-09-18,1107036,200472,196986,400834,49145,45568,80410,87620,32428,13573
2022-09-19,1107155,200491,197012,400891,49147,45569,80417,87625,32430,13573
2022-09-20,1107291,200533,197037,400934,49151,45573,80427,87631,32432,13573
2022-09-21,1107418,200572,197059,400979,49161,45575,80430,87637,32432,13573
2022-09-22,1107524,200612,197081,401012,49162,45577,80433,87639,32435,13573
2022-09-23,1107617,200644,197091,401049,49167,45578,80437,87643,32435,13573
2022-09-24,1107688,200676,197099,401069,49169,45585,80438,87643,32436,13573
2022-09-25,1107743,200701,197099,401087,49171,45585,80440,87644,32436,13580
2022-09-26,1107798,200708,197109,401111,49173,45588,80441,87651,32437,13580
2022-09-27,1107890,200730,197126,401152,49174,45591,80444,87656,32437,13580
2022-09-28,1107964,200755,197140,401173,49176,45592,80448,87663,32437,13580
2022-09-29,1108030,200774,197158,401190,49180,45595,80453,87663,32437,13580
2022-09-30,1108097,200793,197169,401207,49182,45603,80454,87671,32438,13580
2022-10-01,1108151,200814,197173,401229,49183,45605,80456,87673,32438,13580
2022-10-02,1108182,200827,197179,401238,49183,45605,80456,87673,32438,13583
2022-10-03,1108250,200830,197190,401284,49184,45605,80457,87678,32438,13584
2022-10-04,1108307,200841,197200,401308,49189,45606,80459,87680,32438,13586
2022-10-05,1108362,200853,197215,401332,49189,45608,80460,87680,32439,13586
2022-10-06,1108430,200863,197230,401368,49189,45611,80464,87680,32439,13586
2022-10-07,1108483,200879,197246,401386,49189,45613,80464,87681,32439,13586
2022-10-08,1108527,200900,197248,401402,49189,45614,80464,87683,32441,13586
2022-10-09,1108537,200903,197248,401406,49190,45614,80466,87683,32441,13586
2022-10-10,1108603,200904,197255,401452,49190,45615,80472,87687,32441,13587
2022-10-11,1108653,200913,197262,401464,49191,45623,80479,87693,32441,13587
2022-10-12,1108700,200928,197267,401475,49193,45627,80486,87693,32444,13587
2022-10-13,1108738,200945,197272,401483,49193,45628,80492,87694,32444,13587
2022-10-14,1108783,200959,197280,401494,49194,45636,80493,87696,32444,13587
2022-10-15,1108813,200968,197281,401507,49194,45642,80493,87696,32444,13588
2022-10-16,1108831,200973,197281,401513,49194,45642,80493,87699,32444,13592
2022-10-17,1108872,200981,197284,401535,49198,45642,80494,87701,32445,13592
2022-10-18,1108920,200996,197293,401552,49198,45643,80494,87707,32445,13592
2022-10-19,1108958,201003,197298,401569,49199,45644,80495,87712,32446,13592
2022-10-20,1109006,201012,197309,401593,49200,45647,80495,87712,32446,13592
2022-10-21,1109047,201025,197314,401611,49202,45648,80495,87712,32447,13593
2022-10-22,1109073,201043,197315,401617,49202,45649,80495,87712,32447,13593
2022-10-23,1109087,201052,197315,401621,49202,45649,80495,87712,32447,13594
2022-10-24,1109112,201055,197320,401630,49203,45649,80497,87716,32448,13594
2022-10-25,1109144,201061,197321,401641,49204,45649,80497,87729,32448,13594
2022-10-26,1109176,201070,197328,401650,49205,45650,80498,87732,32449,13594
2022-10-27,1109220,201084,197335,401667,49206,45651,80499,87733,32451,13594
2022-10-28,1109252,201099,197342,401673,49206,45651,80499,87735,32451,13596
2022-10-29,1109272,201108,197343,401676,49207,45653,80499,87737,32451,13598
2022-10-30,1109282,201114,197345,401678,49207,45653,80499,87737,32451,13598
2022-10-31,1109296,201116,197348,401687,49207,45653,80499,87737,32451,13598
2022-11-01,1109326,201128,197355,401692,49207,45655,80501,87739,32451,13598
2022-11-02,1109347,201139,197360,401695,49207,45657,80501,87739,32451,13598
2022-11-03,1109364,201141,197368,401699,49207,45658,80502,87739,32452,13598
2022-11-04,1109416,201159,197377,401711,49209,45658,80503,87744,32453,13602
2022-11-05,1109436,201171,197381,401713,49209,45659,80503,87744,32453,13603
2022-11-06,1109448,201174,197384,401719,49209,45659,80503,87744,32453,13603
2022-11-07,1109487,201176,197395,401732,49210,45659,80504,87754,32454,13603
2022-11-08,1109525,201180,197403,401752,49211,45660,80506,87756,32454,13603
2022-11-09,1109565,201192,197412,401766,49211,45662,80508,87756,32455,13603
2022-11-10,1109598,201207,197419,401774,49211,45663,80509,87757,32455,13603
2022-11-11,1109632,201222,197428,401781,49212,45663,80510,87757,32456,13603
2022-11-12,1109657,201232,197429,401794,49212,45664,80510,87757,32456,13603
2022-11-13,1109673,201243,197434,401794,49212,45664,80510,87757,32456,13603
2022-11-14,1109724,201251,197448,401816,49214,45664,80512,87759,32456,13604
2022-11-15,1109783,201277,197463,401831,49215,45665,80513,87759,32456,13604
2022-11-16,1109849,201302,197478,401847,49216,45666,80516,87763,32456,13605
2022-11-17,1109899,201315,197492,401866,49217,45667,80517,87763,32457,13605
2022-11-18,1109955,201346,197503,401877,49218,45668,80518,87763,32457,13605
2022-11-19,1110005,201376,197513,401885,49219,45668,80519,87763,32457,13605
2022-11-20,1110025,201384,197517,401891,49220,45668,80520,87763,32457,13605
2022-11-21,1110091,201397,197538,401916,49223,45668,80521,87763,32458,13607
2022-11-22,1110159,201419,197560,401930,49224,45668,80523,87764,32464,13607
2022-11-23,1110248,201450,197578,401961,49226,45669,80525,87768,32464,13607
2022-11-24,1110340,201494,197595,401982,49229,45670,80530,87769,32464,13607
2022-11-25,1110443,201521,197618,402021,49229,45673,80534,87773,32466,13608
2022-11-26,1110536,201561,197632,402043,49243,45674,80535,87774,32466,13608
2022-11-27,1110601,201595,197638,402059,49248,45675,80538,87774,32466,13608
2022-11-28,1110712,201610,197660,402122,49248,45676,80541,87779,32466,13610
2022-11-29,1110921,201676,197693,402217,49256,45677,80542,87782,32466,13612
2022-11-30,1111192,201739,197747,402354,49267,45677,80548,87782,32466,13612
2022-12-01,1111481,201836,197775,402490,49274,45677,80554,87789,32472,13614
2022-12-02,1111861,201933,197808,402682,49279,45678,80559,87793,32472,13657
2022-12-03,1112144,202016,197842,402837,49280,45684,80560,87796,32472,13657
2022-12-04,1112336,202086,197849,402950,49282,45684,80560,87796,32472,13657
2022-12-05,1112832,202123,197897,403328,49283,45686,80565,87801,32472,13677
2022-12-06,1113643,202188,197994,403940,49291,45687,80576,87808,32474,13685
2022-12-07,1114749,202323,198055,404811,49298,45688,80590,87813,32475,13696
2022-12-08,1115952,202430,198165,405753,49303,45689,80599,87821,32478,13714
2022-12-09,1117267,202537,198287,406769,49312,45692,80615,87831,32480,13744
2022-12-10,1118223,202669,198338,407490,49324,45692,80626,87840,32484,13760
2022-12-11,1118754,202707,198366,407939,49328,45694,80634,87841,32485,13760
2022-12-12,1120347,202815,198474,409244,49329,45697,80660,87864,32488,13776
2022-12-13,1122618,202932,198674,411065,49339,45700,80709,87890,32502,13807
2022-12-14,1124881,203063,198889,412811,49353,45704,80762,87920,32533,13846
2022-12-15,1127419,203322,199131,414611,49373,45712,80834,87964,32556,13916
2022-12-16,1130000,203512,199421,416432,49390,45727,80899,88001,32617,14001
2022-12-17,1131512,203731,199586,417436,49420,45737,80916,88018,32627,14041
2022-12-18,1132390,203909,199654,417983,49435,45744,80921,88027,32630,14087
2022-12-19,1134881,204098,199946,419699,49439,45763,81005,88093,32663,14175
2022-12-20,1137678,204258,200319,421589,49469,45780,81092,88174,32743,14254
2022-12-21,1140667,204646,200765,423317,49515,45804,81217,88267,32784,14352
2022-12-22,1143664,204958,201309,424974,49578,45842,81332,88395,32849,14427
2022-12-23,1146576,205346,201861,426426,49635,45874,81494,88485,32956,14499
2022-12-24,1148348,205802,202161,427115,49700,45889,81549,88523,33051,14558
2022-12-25,1149182,206110,202289,427401,49731,45906,81572,88535,33071,14567
2022-12-26,1150042,206190,202472,427899,49759,45927,81602,88546,33075,14572
2022-12-27,1152847,206285,203201,429385,49786,45950,81778,88691,33136,14635
2022-12-28,1155992,206577,203911,430861,49919,46032,81944,88858,33214,14676
2022-12-29,1158783,207048,204653,431783,50004,46085,82128,89006,33328,14748
2022-12-30,1160853,207431,205328,432252,50114,46178,82245,89117,33409,14779
2022-12-31,1162357,207855,205660,432713,50199,46254,82285,89151,33452,14788
2023-01-01,1162940,208033,205788,432879,50232,46275,82307,89163,33464,14799
2023-01-02,1163671,208140,206010,433170,50242,46283,82355,89192,33468,14811
2023-01-03,1165210,208234,206524,433694,50262,46337,82483,89319,33503,14854
2023-01-04,1166860,208507,207006,434161,50330,46384,82615,89408,33559,14890
2023-01-05,1168546,208855,207519,434570,50397,46430,82738,89512,33612,14913
2023-01-06,1170202,209204,208014,434936,50490,46473,82873,89605,33670,14937
2023-01-07,1171235,209530,208324,435142,50551,46528,82913,89626,33679,14942
2023-01-08,1171940,209758,208621,435231,50576,46549,82943,89634,33680,14948
2023-01-09,1172974,209859,209071,435437,50585,46575,83060,89689,33725,14973
2023-01-10,1174529,210207,209725,435663,50649,46636,83160,89750,33750,14989
2023-01-11,1175974,210587,210250,435863,50726,46700,83260,89792,33801,14995
2023-01-12,1177196,210888,210637,436052,50804,46791,83358,89846,33815,15005
2023-01-13,1178335,211231,210992,436224,50861,46836,83434,89892,33845,15020
2023-01-14,1179030,211503,211155,436282,50919,46905,83471,89899,33873,15023
2023-01-15,1179460,211652,211275,436368,50938,46935,83493,89901,33873,15025
2023-01-16,1180211,211772,211649,436496,50947,46945,83557,89933,33881,15031
2023-01-17,1181186,212001,212043,436607,51009,47019,83627,89960,33887,15033
2023-01-18,1182050,212273,212371,436667,51053,47065,83711,89983,33889,15038
2023-01-19,1182809,212582,212602,436729,51103,47091,83764,89999,33896,15043
2023-01-20,1183540,212835,212870,436782,51134,47132,83819,90018,33902,15048
2023-01-21,1183989,213035,212987,436799,51174,47176,83841,90025,33904,15048
2023-01-22,1184217,213156,213034,436814,51185,47194,83850,90026,33910,15048
2023-01-23,1184424,213243,213109,436825,51189,47197,83868,90030,33915,15048
2023-01-24,1184801,213272,213323,436877,51202,47211,83903,90043,33918,15052
2023-01-25,1185583,213480,213705,436936,51243,47227,83952,90057,33924,15059
2023-01-26,1186349,213735,214060,436979,51270,47262,83992,90062,33927,15062
2023-01-27,1186927,214009,214228,437023,51298,47283,84027,90069,33928,15062
2023-01-28,1187317,214250,214282,437036,51317,47317,84050,90070,33933,15062
2023-01-29,1187520,214380,214308,437041,51318,47346,84062,90070,33933,15062
2023-01-30,1187821,214486,214420,437077,51322,47352,84083,90077,33936,15068
2023-01-31,1188215,214632,214559,437100,51351,47374,84105,90085,33939,15070
2023-02-01,1188574,214773,214695,437136,51359,47384,84123,90093,33940,15071
2023-02-02,1188937,214946,214807,437154,51371,47408,84136,90100,33944,15071
2023-02-03,1189292,215068,214962,437178,51383,47427,84153,90103,33946,15072
2023-02-04,1189508,215186,214997,437193,51402,47449,84159,90104,33946,15072
2023-02-05,1189625,215268,215006,437197,51409,47459,84164,90104,33946,15072
2023-02-06,1189784,215321,215068,437211,51410,47463,84185,90106,33947,15073
2023-02-07,1190097,215413,215225,437234,51424,47471,84200,90108,33948,15074
2023-02-08,1190346,215521,215296,437254,51432,47483,84216,90109,33961,15074
2023-02-09,1190535,215617,215332,437268,51436,47513,84220,90111,33964,15074
2023-02-10,1190753,215721,215398,437287,51446,47518,84230,90114,33964,15075
2023-02-11,1190925,215830,215430,437310,51447,47518,84234,90116,33965,15075
2023-02-12,1191007,215881,215441,437320,51452,47521,84234,90117,33965,15076
2023-02-13,1191177,215928,215526,437335,51453,47522,84252,90120,33965,15076
2023-02-14,1191327,215990,215582,437345,51460,47530,84258,90121,33965,15076
2023-02-15,1191528,216093,215633,437366,51462,47536,84267,90125,33968,15078
2023-02-16,1191727,216198,215664,437383,51472,47544,84294,90126,33968,15078
2023-02-17,1191867,216286,215685,437387,51476,47545,84304,90134,33971,15079
2023-02-18,1191996,216378,215705,437389,51480,47549,84309,90135,33971,15080
2023-02-19,1192039,216406,215712,437390,51481,47549,84314,90136,33971,15080
2023-02-20,1192081,216430,215722,437390,51484,47550,84318,90136,33971,15080
2023-02-21,1192118,216450,215731,437391,51485,47550,84322,90137,33971,15081
2023-02-22,1192193,216461,215775,437397,51488,47550,84329,90140,33972,15081
2023-02-23,1192349,216534,215815,437408,51497,47559,84342,90141,33972,15081
2023-02-24,1192531,216625,215859,437423,51506,47563,84357,90143,33974,15081
2023-02-25,1192723,216783,215881,437427,51510,47563,84361,90143,33974,15081
2023-02-26,1192768,216808,215888,437427,51511,47566,84363,90143,33980,15082
2023-02-27,1192844,216824,215925,437436,51517,47566,84366,90148,33980,15082
2023-02-28,1193091,217006,215958,437440,51526,47568,84377,90152,33981,15083
2023-03-01,1193253,217091,215984,437453,51532,47579,84391,90155,33984,15084
2023-03-02,1193485,217220,216060,437459,51542,47582,84399,90155,33984,15084
2023-03-03,1193650,217320,216099,437464,51549,47587,84404,90156,33984,15087
2023-03-04,1193743,217380,216116,437468,51555,47590,84407,90156,33984,15087
2023-03-05,1193805,217429,216120,437471,51556,47591,84411,90156,33984,15087
2023-03-06,1193904,217458,216174,437478,51556,47592,84416,90158,33984,15088
2023-03-07,1194022,217503,216213,437483,51561,47604,84425,90160,33985,15088
2023-03-08,1194112,217549,216233,437488,51570,47606,84430,90162,33985,15089
2023-03-09,1194222,217591,216273,437495,51575,47618,84431,90164,33985,15090
2023-03-10,1194343,217668,216289,437501,51575,47632,84435,90166,33985,15092
2023-03-11,1194424,217726,216297,437504,51577,47640,84436,90167,33985,15092
2023-03-12,1194448,217740,216302,437504,51577,47642,84439,90167,33985,15092
2023-03-13,1194522,217768,216330,437510,51578,47646,84443,90168,33985,15094
2023-03-14,1194629,217800,216370,437521,51587,47654,84446,90171,33985,15095
2023-03-15,1194725,217846,216397,437539,51590,47654,84448,90171,33985,15095
2023-03-16,1194808,217904,216412,437544,51591,47654,84452,90171,33985,15095
2023-03-17,1194899,217953,216433,437549,51593,47658,84461,90171,33985,15096
2023-03-18,1194947,217978,216442,437549,51598,47663,84465,90171,33985,15096
2023-03-19,1195006,218026,216446,437550,51600,47663,84469,90171,33985,15096
2023-03-20,1195066,218047,216465,437563,51600,47663,84476,90171,33985,15096
2023-03-21,1195116,218064,216487,437565,51604,47664,84479,90172,33985,15096
2023-03-22,1195201,218102,216512,437565,51607,47666,84490,90173,33989,15097
2023-03-23,1195290,218157,216529,437570,51612,47670,84492,90173,33990,15097
2023-03-24,1195356,218196,216538,437576,51615,47670,84499,90174,33990,15098
2023-03-25,1195403,218228,216545,437578,51617,47670,84503,90174,33990,15098
2023-03-26,1195428,218240,216545,437580,51621,47677,84503,90174,33990,15098
2023-03-27,1195486,218259,216560,437589,51623,47681,84509,90176,33990,15099
2023-03-28,1195551,218282,216585,437593,51624,47684,84516,90176,33992,15099
2023-03-29,1195603,218308,216603,437597,51626,47686,84516,90176,33992,15099
2023-03-30,1195648,218332,216610,437603,51628,47690,84517,90176,33992,15100
2023-03-31,1195715,218366,216631,437610,51630,47692,84517,90176,33993,15100
2023-04-01,1195746,218381,216634,437612,51631,47699,84519,90177,33993,15100
2023-04-02,1195773,218400,216635,437615,51631,47700,84520,90178,33993,15101
2023-04-03,1195816,218414,216651,437619,51631,47700,84528,90179,33993,15101
2023-04-04,1195866,218436,216666,437625,51634,47702,84530,90179,33993,15101
2023-04-05,1195939,218451,216712,437628,51637,47702,84536,90179,33993,15101
2023-04-06,1195998,218471,216732,437637,51641,47705,84537,90180,33994,15101
2023-04-07,1196045,218507,216738,437640,51642,47705,84538,90180,33994,15101
2023-04-08,1196079,218538,216738,437641,51643,47705,84538,90181,33994,15101
2023-04-09,1196096,218548,216742,437643,51643,47705,84539,90181,33994,15101
2023-04-10,1196126,218555,216753,437645,51646,47710,84539,90182,33995,15101
2023-04-11,1196205,218582,216787,437659,51647,47712,84540,90182,33995,15101
2023-04-12,1196251,218604,216795,437667,51650,47712,84542,90182,33996,15103
2023-04-13,1196299,218617,216803,437685,51654,47713,84544,90184,33996,15103
2023-04-14,1196329,218628,216810,437688,51657,47715,84547,90185,33996,15103
2023-04-15,1196379,218650,216813,437692,51657,47736,84547,90185,33996,15103
2023-04-16,1196405,218673,216814,437694,51657,47736,84547,90185,33996,15103
2023-04-17,1196444,218685,216832,437698,51657,47737,84548,90188,33996,15103
2023-04-18,1196501,218712,216844,437708,51661,47737,84551,90188,33997,15103
2023-04-19,1196552,218731,216857,437713,51663,47738,84557,90188,33997,15108
2023-04-20,1196604,218753,216871,437720,51665,47741,84559,90188,33997,15110
2023-04-21,1196654,218774,216889,437721,51666,47742,84561,90190,33998,15113
2023-04-22,1196698,218794,216897,437724,51670,47751,84561,90190,33998,15113
2023-04-23,1196726,218807,216901,437725,51671,47760,84561,90190,33998,15113
2023-04-24,1196793,218840,216920,437733,51671,47762,84564,90191,33998,15114
2023-04-25,1196858,218859,216939,437746,51676,47764,84570,90191,33998,15115
2023-04-26,1196910,218878,216955,437751,51682,47766,84573,90192,33998,15115
2023-04-27,1196987,218908,216979,437754,51687,47776,84575,90193,33998,15117
2023-04-28,1197075,218931,217016,437761,51690,47788,84575,90199,33998,15117
