Fecha,La Paz,Cochabamba,Santa Cruz,Oruro,Potos√≠,Tarija,Chuquisaca,Beni,Pando,Bolivia
2020-05-07,2294.0,1159.0,3444.0,465.0,156.0,50.0,175.0,230.0,76.0,8049.0
2020-05-08,2399.0,1203.0,3532.0,472.0,170.0,60.0,176.0,230.0,79.0,8321.0
2020-05-09,2515.0,1244.0,3638.0,475.0,186.0,61.0,,239.0,,
2020-05-10,2578.0,1252.0,3889.0,492.0,215.0,61.0,228.0,244.0,,
2020-05-11,2657.0,1256.0,4346.0,505.0,,62.0,239.0,253.0,95.0,
2020-05-12,2757.0,1352.0,4504.0,519.0,228.0,81.0,239.0,322.0,95.0,10097.0
2020-05-13,2886.0,1402.0,4671.0,521.0,230.0,94.0,239.0,322.0,,
2020-05-14,2889.0,1492.0,4876.0,534.0,241.0,94.0,239.0,322.0,95.0,10782.0
2020-05-15,,1606.0,5048.0,559.0,,106.0,,322.0,95.0,
2020-05-16,3198.0,,5231.0,567.0,251.0,125.0,258.0,419.0,,
2020-05-17,3242.0,,5507.0,570.0,261.0,125.0,,419.0,,
2020-05-18,,1842.0,5601.0,570.0,,125.0,328.0,419.0,100.0,
2020-05-19,3350.0,1963.0,5908.0,589.0,,146.0,336.0,419.0,100.0,
2020-05-20,,2060.0,6171.0,593.0,270.0,157.0,,429.0,,
2020-05-21,3513.0,2161.0,6366.0,608.0,278.0,178.0,,493.0,100.0,
2020-05-22,3578.0,2213.0,6604.0,613.0,300.0,184.0,383.0,518.0,,
2020-05-23,,,7008.0,620.0,319.0,184.0,399.0,555.0,,
2020-05-24,3829.0,2469.0,7188.0,655.0,342.0,184.0,,567.0,104.0,
2020-05-25,3887.0,2515.0,7337.0,661.0,352.0,225.0,,627.0,,
2020-05-26,4000.0,2534.0,7515.0,677.0,361.0,225.0,405.0,666.0,108.0,16491.0
2020-05-27,4135.0,2776.0,7855.0,677.0,364.0,248.0,425.0,709.0,108.0,17297.0
2020-05-28,4194.0,2826.0,8113.0,692.0,405.0,271.0,430.0,760.0,,
2020-05-29,4256.0,2904.0,8291.0,697.0,407.0,321.0,438.0,769.0,146.0,18229.0
2020-05-30,4322.0,2945.0,8557.0,697.0,428.0,343.0,,786.0,,
2020-05-31,4395.0,3011.0,8697.0,716.0,428.0,343.0,,791.0,,
2020-06-01,4425.0,3063.0,9087.0,723.0,430.0,370.0,454.0,808.0,146.0,19506.0
2020-06-02,4633.0,3137.0,9398.0,726.0,469.0,377.0,464.0,841.0,146.0,20191.0
2020-06-03,4771.0,3254.0,9668.0,743.0,483.0,417.0,480.0,886.0,146.0,20848.0
2020-06-04,5036.0,3314.0,9940.0,762.0,611.0,445.0,488.0,959.0,146.0,21701.0
2020-06-05,,3441.0,10290.0,787.0,656.0,469.0,495.0,1005.0,146.0,
2020-06-06,5386.0,3538.0,10520.0,830.0,714.0,501.0,507.0,1022.0,154.0,23172.0
2020-06-07,5545.0,3573.0,10657.0,839.0,800.0,501.0,,1057.0,210.0,
2020-06-08,5649.0,3768.0,10789.0,843.0,811.0,530.0,521.0,1078.0,242.0,24231.0
2020-06-09,5753.0,3849.0,11105.0,891.0,875.0,553.0,529.0,1132.0,279.0,24966.0
2020-06-10,5892.0,3892.0,11484.0,929.0,896.0,610.0,539.0,1197.0,315.0,25754.0
2020-06-11,5892.0,3947.0,11849.0,1003.0,996.0,675.0,590.0,1231.0,393.0,26576.0
2020-06-12,6201.0,,12121.0,1048.0,998.0,690.0,622.0,1349.0,473.0,
2020-06-13,6371.0,4164.0,12251.0,1077.0,1086.0,730.0,666.0,1373.0,509.0,28227.0
2020-06-14,6552.0,4178.0,12576.0,1112.0,1178.0,730.0,675.0,1383.0,529.0,28913.0
2020-06-15,6796.0,4385.0,12730.0,1133.0,1239.0,742.0,703.0,1417.0,538.0,29683.0
2020-06-16,6931.0,4421.0,12924.0,1169.0,1286.0,760.0,756.0,1432.0,552.0,30231.0
2020-06-17,6931.0,4500.0,13049.0,1184.0,1330.0,805.0,772.0,1515.0,565.0,30651.0
2020-06-18,6931.0,4631.0,13165.0,1213.0,1382.0,864.0,824.0,1673.0,574.0,31257.0
2020-06-19,7518.0,4710.0,13495.0,1259.0,1462.0,987.0,875.0,1742.0,,
2020-06-20,7665.0,4760.0,13672.0,1297.0,1536.0,1069.0,955.0,1848.0,650.0,33452.0
2020-06-21,7930.0,4863.0,14066.0,1326.0,1542.0,1165.0,987.0,1869.0,653.0,34401.0
2020-06-22,8240.0,4894.0,14946.0,1383.0,1658.0,1213.0,1004.0,1965.0,659.0,35962.0
2020-06-23,8353.0,5186.0,15169.0,1403.0,1704.0,1248.0,1228.0,2036.0,663.0,36990.0
2020-06-24,,,15189.0,1411.0,1721.0,1322.0,,2141.0,663.0,
2020-06-25,8780.0,5236.0,15256.0,1432.0,1769.0,1365.0,1414.0,2180.0,663.0,38095.0
2020-06-26,8982.0,5415.0,15611.0,1475.0,1768.0,,1594.0,2197.0,705.0,
2020-06-27,9234.0,5523.0,15785.0,1481.0,1796.0,1537.0,1776.0,2254.0,710.0,40096.0
2020-06-28,9301.0,5666.0,15898.0,1514.0,1847.0,1553.0,1930.0,2293.0,710.0,40712.0
2020-06-29,9390.0,5707.0,15989.0,1515.0,1848.0,1600.0,2004.0,2384.0,710.0,41147.0
2020-06-30,9549.0,5818.0,16339.0,1560.0,1961.0,1690.0,2160.0,2460.0,710.0,42247.0
2020-07-01,9825.0,5934.0,16479.0,1581.0,2033.0,1790.0,,2551.0,714.0,
2020-07-02,10023.0,6009.0,16599.0,1639.0,2037.0,1888.0,2510.0,2600.0,734.0,44039.0
2020-07-03,10317.0,6114.0,16725.0,1663.0,2077.0,2014.0,2639.0,2664.0,755.0,44968.0
2020-07-04,10606.0,6160.0,16875.0,1712.0,2100.0,2129.0,2825.0,2668.0,812.0,45887.0
2020-07-05,11121.0,6192.0,17799.0,1719.0,2113.0,2197.0,2886.0,2668.0,886.0,47581.0
2020-07-06,11394.0,6386.0,17890.0,1725.0,2150.0,2231.0,2930.0,2694.0,909.0,48309.0
2020-07-07,11648.0,6439.0,,1749.0,2191.0,2290.0,3072.0,2798.0,920.0,
2020-07-08,11893.0,6511.0,18124.0,1771.0,2218.0,2382.0,3162.0,2863.0,920.0,49844.0
2020-07-09,12184.0,6581.0,18124.0,1806.0,2225.0,2511.0,3364.0,3031.0,920.0,50746.0
2020-07-10,12423.0,6696.0,18274.0,1861.0,2244.0,2611.0,3365.0,3096.0,920.0,51490.0
2020-07-11,12777.0,6764.0,18396.0,1898.0,2260.0,2691.0,3728.0,3120.0,920.0,52554.0
2020-07-12,,6877.0,18536.0,1951.0,2302.0,2691.0,3823.0,3139.0,924.0,
2020-07-13,13193.0,7040.0,18654.0,1987.0,2349.0,2716.0,3823.0,3160.0,924.0,53846.0
2020-07-14,13944.0,7176.0,18799.0,2019.0,2376.0,2756.0,4013.0,3181.0,924.0,55188.0
2020-07-15,13666.0,7449.0,18905.0,,2409.0,2879.0,4184.0,3259.0,924.0,
2020-07-16,14030.0,7659.0,19157.0,2103.0,2467.0,2971.0,4432.0,3313.0,924.0,57056.0
2020-07-17,14260.0,7762.0,19719.0,2168.0,2481.0,3067.0,4371.0,3325.0,924.0,58077.0
2020-07-18,14630.0,7914.0,19852.0,2226.0,2492.0,3228.0,4451.0,3330.0,939.0,59062.0
2020-07-19,15283.0,7999.0,19999.0,2249.0,2586.0,3264.0,4518.0,3337.0,947.0,60182.0
2020-07-20,15555.0,8128.0,20051.0,2300.0,2592.0,3321.0,4548.0,3352.0,949.0,60796.0
2020-07-21,15837.0,8244.0,20699.0,2380.0,2592.0,3338.0,4559.0,3380.0,949.0,61978.0
2020-07-22,16024.0,8347.0,21340.0,2443.0,2616.0,3344.0,4573.0,3390.0,955.0,63032.0
2020-07-23,16330.0,8455.0,21944.0,2480.0,2644.0,3351.0,4588.0,3400.0,963.0,64155.0
2020-07-24,16583.0,8574.0,21944.0,2499.0,2780.0,3481.0,4605.0,3449.0,971.0,64886.0
2020-07-25,17200.0,8661.0,22580.0,2578.0,2796.0,3643.0,4606.0,3452.0,972.0,66488.0
2020-07-26,17456.0,8739.0,22999.0,2639.0,2840.0,3789.0,4607.0,3454.0,973.0,67496.0
2020-07-27,17456.0,9376.0,23250.0,2665.0,,3899.0,4607.0,3455.0,976.0,
2020-07-28,17710.0,9553.0,23897.0,2706.0,2849.0,4030.0,4607.0,3463.0,976.0,69791.0
2020-07-29,17947.0,9608.0,24280.0,2736.0,2857.0,4122.0,4607.0,3477.0,985.0,70619.0
2020-07-30,18174.0,9775.0,25198.0,2838.0,2866.0,4260.0,4607.0,3518.0,988.0,72224.0
2020-07-31,18441.0,10101.0,25792.0,,2879.0,4334.0,4696.0,3605.0,995.0,
2020-08-01,18441.0,10522.0,26509.0,2976.0,2893.0,4403.0,,3676.0,1006.0,
2020-08-02,18918.0,10653.0,27201.0,3123.0,2899.0,4451.0,4785.0,3734.0,1007.0,76771.0
2020-08-03,19133.0,10752.0,27899.0,3123.0,2908.0,4507.0,4822.0,3824.0,1013.0,77981.0
2020-08-04,19202.0,11098.0,28584.0,3202.0,2914.0,4546.0,4849.0,3890.0,1015.0,79300.0
2020-08-05,19768.0,11314.0,29209.0,3214.0,2914.0,4601.0,4950.0,3955.0,1022.0,80947.0
2020-08-06,19910.0,11402.0,29859.0,3309.0,2948.0,4621.0,5022.0,4041.0,1028.0,82140.0
2020-08-07,20435.0,11491.0,30553.0,3324.0,2997.0,4621.0,5183.0,4169.0,1039.0,83812.0
2020-08-08,20744.0,11591.0,31210.0,3361.0,3007.0,4622.0,5279.0,4216.0,1056.0,85086.0
2020-08-09,21123.0,11688.0,31875.0,3386.0,3014.0,4622.0,5297.0,4258.0,1066.0,86329.0
2020-08-10,21515.0,11892.0,32564.0,3387.0,3054.0,4748.0,5363.0,4311.0,1084.0,87918.0
2020-08-11,21795.0,12140.0,33249.0,3427.0,3576.0,4864.0,5456.0,4362.0,1115.0,89984.0
2020-08-12,22432.0,12324.0,33945.0,3444.0,3758.0,4977.0,5506.0,4374.0,1133.0,91893.0
2020-08-13,22432.0,12445.0,34570.0,3455.0,3854.0,5108.0,5554.0,4408.0,1149.0,92975.0
2020-08-14,22868.0,12634.0,35121.0,3473.0,4077.0,5159.0,5555.0,4409.0,1179.0,94475.0
2020-08-15,24193.0,12725.0,35721.0,3493.0,,5194.0,,4416.0,1217.0,
2020-08-16,24976.0,12728.0,36153.0,3506.0,4514.0,5203.0,5606.0,,1252.0,
2020-08-17,24976.0,12856.0,36446.0,3521.0,5243.0,5229.0,5646.0,4462.0,1256.0,99635.0
2020-08-18,25723.0,13071.0,36917.0,3540.0,5756.0,5236.0,5762.0,4526.0,1268.0,101799.0
2020-08-19,26159.0,,37289.0,3635.0,6244.0,5253.0,5852.0,4548.0,1378.0,
2020-08-20,27024.0,13391.0,37552.0,3716.0,6340.0,5294.0,5861.0,4573.0,1402.0,105153.0
2020-08-21,27374.0,13514.0,38059.0,3780.0,6381.0,5327.0,6034.0,4586.0,1423.0,106478.0
2020-08-22,27969.0,13640.0,38536.0,3850.0,6515.0,5353.0,6161.0,4599.0,1429.0,108052.0
2020-08-23,29097.0,13760.0,38789.0,3862.0,6549.0,5363.0,6252.0,4611.0,1432.0,109715.0
2020-08-24,29641.0,13937.0,39030.0,3874.0,6775.0,5365.0,6252.0,4629.0,1435.0,110938.0
2020-08-25,29873.0,14111.0,39460.0,3931.0,6972.0,5370.0,6319.0,4719.0,1447.0,112202.0
2020-08-26,,14250.0,40014.0,3975.0,7111.0,5557.0,6394.0,4734.0,1472.0,
2020-08-27,31565.0,14414.0,40422.0,4076.0,7287.0,5707.0,6466.0,4800.0,1488.0,116225.0
2020-08-28,32911.0,14546.0,40891.0,4100.0,7448.0,5814.0,,,1505.0,
2020-08-29,33292.0,,41367.0,4271.0,7569.0,5956.0,6676.0,4843.0,1511.0,
2020-08-30,33920.0,14760.0,41397.0,4356.0,9853.0,6066.0,6714.0,4849.0,1512.0,123427.0
2020-08-31,34255.0,14919.0,41774.0,4395.0,9929.0,6165.0,6793.0,4909.0,1512.0,124651.0
2020-09-01,,15173.0,42209.0,4423.0,10036.0,6253.0,6870.0,4933.0,1523.0,
2020-09-02,34763.0,15357.0,42668.0,4430.0,10175.0,6420.0,6944.0,4984.0,1533.0,127274.0
2020-09-03,35029.0,15585.0,43116.0,4538.0,10369.0,6518.0,7045.0,5016.0,1537.0,128753.0
2020-09-04,35167.0,15716.0,43484.0,4592.0,10834.0,6640.0,7211.0,5053.0,1543.0,130240.0
2020-09-05,36588.0,15845.0,43839.0,4643.0,10883.0,6674.0,7269.0,5064.0,1544.0,132349.0
2020-09-06,37168.0,15880.0,43977.0,4693.0,11045.0,6744.0,7327.0,5067.0,1545.0,133446.0
2020-09-07,37970.0,15993.0,44234.0,4732.0,11224.0,6967.0,7441.0,5121.0,1546.0,135228.0
2020-09-08,38805.0,16112.0,44626.0,4791.0,11449.0,7053.0,,5175.0,1547.0,
2020-09-09,39180.0,16297.0,45122.0,4893.0,11622.0,7179.0,7823.0,5192.0,1547.0,138855.0
2020-09-10,40917.0,16497.0,45705.0,5019.0,11717.0,7278.0,8050.0,5249.0,1548.0,141980.0
2020-09-11,41605.0,16850.0,46051.0,5085.0,,7370.0,,5268.0,,
2020-09-12,42473.0,,46337.0,5151.0,9820.0,7419.0,8323.0,5302.0,1549.0,
2020-09-13,42937.0,17487.0,46413.0,5212.0,9909.0,7519.0,8392.0,5314.0,1549.0,144732.0
2020-09-14,43898.0,17635.0,46611.0,5262.0,10001.0,7622.0,8437.0,5363.0,1549.0,146378.0
2020-09-15,44253.0,17786.0,46980.0,5305.0,10142.0,7709.0,8585.0,5364.0,1551.0,147675.0
2020-09-16,44417.0,18030.0,47278.0,5389.0,10201.0,7846.0,,5387.0,1553.0,
2020-09-17,44994.0,18173.0,47825.0,5441.0,10217.0,7961.0,8826.0,5431.0,1554.0,150422.0
2020-09-18,45486.0,18371.0,48112.0,5523.0,10472.0,8103.0,9024.0,5445.0,1554.0,152090.0
2020-09-19,45984.0,18462.0,48457.0,5557.0,10499.0,8215.0,9143.0,5450.0,1555.0,153322.0
2020-09-20,46223.0,18472.0,48586.0,5614.0,10541.0,8236.0,9202.0,5453.0,1555.0,153882.0
2020-09-21,46361.0,18621.0,48868.0,5656.0,10622.0,8295.0,9220.0,5471.0,1555.0,154669.0
2020-09-22,46843.0,18673.0,49134.0,5719.0,10648.0,8403.0,9324.0,5507.0,1556.0,155807.0
2020-09-23,47135.0,18768.0,49511.0,5804.0,10876.0,8472.0,9431.0,5587.0,1556.0,157140.0
2020-09-24,47473.0,18938.0,49723.0,5884.0,10948.0,8563.0,9646.0,5652.0,1556.0,158383.0
2020-09-25,47662.0,,49928.0,5981.0,11035.0,8720.0,9736.0,5719.0,1557.0,
2020-09-26,48185.0,19074.0,50087.0,,11158.0,8818.0,,5747.0,1557.0,
2020-09-27,48458.0,19089.0,50153.0,6035.0,11229.0,8847.0,,5750.0,1557.0,
2020-09-28,48653.0,19223.0,50319.0,6129.0,11260.0,8912.0,,5752.0,1558.0,
2020-09-29,48671.0,19335.0,50656.0,6187.0,11386.0,8966.0,9940.0,5758.0,1561.0,162460.0
2020-09-30,49049.0,19492.0,50939.0,6269.0,11494.0,9075.0,,5763.0,1564.0,
2020-10-01,49348.0,19578.0,51240.0,6307.0,11539.0,9129.0,,5866.0,1566.0,
2020-10-02,49883.0,,51740.0,6384.0,11584.0,9285.0,10221.0,5919.0,1566.0,
2020-10-03,50179.0,,51933.0,6477.0,11756.0,9433.0,,5946.0,1569.0,
2020-10-04,50328.0,19797.0,51979.0,6534.0,11816.0,9500.0,,5948.0,1569.0,
2020-10-05,50448.0,19986.0,52219.0,6549.0,11856.0,9568.0,10442.0,5983.0,1569.0,168620.0
2020-10-06,50546.0,,52688.0,6578.0,11882.0,9616.0,10498.0,6003.0,1572.0,
2020-10-07,50989.0,20271.0,53022.0,6612.0,11978.0,9662.0,10554.0,6003.0,1573.0,170664.0
2020-10-08,51221.0,20349.0,53272.0,6654.0,12066.0,9704.0,,6059.0,1573.0,
2020-10-09,51451.0,20478.0,,6725.0,12135.0,9728.0,,6089.0,1573.0,
2020-10-10,51698.0,20541.0,53835.0,6765.0,12210.0,9781.0,10765.0,6107.0,1573.0,173275.0
2020-10-11,51845.0,20543.0,53923.0,6798.0,12235.0,9830.0,,6126.0,1573.0,
2020-10-12,51919.0,20630.0,54212.0,6835.0,12272.0,9880.0,,6131.0,1578.0,
2020-10-13,52152.0,20807.0,54518.0,6874.0,12375.0,9918.0,10919.0,6170.0,1578.0,175311.0
2020-10-14,52414.0,20873.0,54932.0,6906.0,12414.0,9942.0,10979.0,6218.0,1580.0,176258.0
2020-10-15,52471.0,21046.0,55310.0,6938.0,12449.0,9974.0,11038.0,6234.0,1584.0,177044.0
2020-10-16,52755.0,21120.0,55715.0,6953.0,12491.0,10016.0,11086.0,6249.0,1586.0,177971.0
2020-10-17,53059.0,21255.0,55927.0,6992.0,12501.0,10059.0,,6258.0,1587.0,
2020-10-18,53188.0,21272.0,56048.0,6998.0,12510.0,10059.0,,6258.0,,
2020-10-19,53299.0,,56379.0,7005.0,12567.0,10082.0,11250.0,6276.0,1587.0,
2020-10-20,53459.0,21340.0,56612.0,7022.0,12594.0,10123.0,11334.0,6295.0,1590.0,180369.0
2020-10-21,53682.0,21473.0,57045.0,7068.0,12632.0,10185.0,11393.0,6312.0,1605.0,181395.0
2020-10-22,53865.0,21722.0,57497.0,7111.0,12743.0,10219.0,11456.0,6327.0,1607.0,182547.0
2020-10-23,54067.0,,57869.0,7200.0,12793.0,10240.0,11456.0,6351.0,1607.0,
2020-10-24,54356.0,21985.0,58050.0,7215.0,12832.0,10300.0,11456.0,6360.0,,
2020-10-25,54546.0,21985.0,58072.0,7255.0,12833.0,10305.0,,6360.0,1607.0,
2020-10-26,54577.0,22089.0,58372.0,7279.0,12926.0,10323.0,11671.0,,1608.0,
2020-10-27,54806.0,,58741.0,7289.0,13023.0,10353.0,11753.0,,1611.0,
2020-10-28,55096.0,22241.0,59100.0,7354.0,13112.0,10375.0,11828.0,,1614.0,
2020-10-29,55263.0,22354.0,59493.0,7439.0,13148.0,10418.0,11954.0,,1617.0,
2020-10-30,55519.0,,59809.0,7473.0,13187.0,10448.0,12006.0,,1619.0,
2020-10-31,55712.0,,60047.0,7543.0,13202.0,10481.0,12065.0,,1620.0,
2020-11-01,55845.0,22676.0,60138.0,7608.0,13214.0,10504.0,12125.0,,1620.0,
2020-11-02,55866.0,22676.0,60188.0,7610.0,13214.0,10504.0,12175.0,,1621.0,
2020-11-03,55912.0,22721.0,,7630.0,13257.0,10528.0,12201.0,6406.0,1621.0,
2020-11-04,56152.0,22769.0,60970.0,7965.0,13297.0,10570.0,12308.0,,1625.0,
2020-11-05,56421.0,,61413.0,8044.0,13332.0,10653.0,12358.0,6531.0,1636.0,
2020-11-06,56575.0,22867.0,61830.0,8098.0,13392.0,10685.0,12473.0,6567.0,1642.0,194129.0
2020-11-07,56945.0,,61999.0,8135.0,13404.0,10772.0,12541.0,6567.0,1657.0,
2020-11-08,57295.0,,62123.0,8173.0,13404.0,10772.0,,6567.0,1660.0,
2020-11-09,57385.0,23186.0,62423.0,8192.0,13447.0,10807.0,12611.0,6599.0,1660.0,196310.0
2020-11-10,57491.0,,62785.0,8213.0,13468.0,,12701.0,6599.0,1666.0,
2020-11-11,57676.0,,63173.0,8243.0,13514.0,10876.0,12796.0,6621.0,1670.0,
2020-11-12,57936.0,,63491.0,8366.0,13556.0,10912.0,12847.0,6628.0,1673.0,
2020-11-13,58181.0,23534.0,64068.0,8390.0,13562.0,10931.0,12917.0,6639.0,1683.0,199905.0
2020-11-14,58557.0,23702.0,64319.0,8437.0,13574.0,11006.0,,6650.0,1698.0,
2020-11-15,,23721.0,64595.0,8468.0,13574.0,11006.0,,6650.0,1698.0,
2020-11-16,58914.0,23772.0,65098.0,8500.0,13600.0,11023.0,13061.0,6650.0,1698.0,202316.0
2020-11-17,59044.0,23861.0,65474.0,8539.0,13624.0,11061.0,13146.0,6692.0,1709.0,203150.0
2020-11-18,59241.0,,65916.0,8580.0,,11088.0,13209.0,6719.0,1714.0,
2020-11-19,59791.0,23948.0,66355.0,8631.0,13707.0,11130.0,13309.0,6737.0,1721.0,205329.0
2020-11-20,60124.0,24193.0,66859.0,8713.0,13746.0,11140.0,13429.0,6744.0,1738.0,206686.0
2020-11-21,60319.0,24268.0,67117.0,8740.0,13779.0,11177.0,13504.0,6750.0,1749.0,207403.0
2020-11-22,60775.0,24331.0,67157.0,8748.0,13807.0,11177.0,13524.0,6750.0,1749.0,208018.0
2020-11-23,60836.0,,67394.0,8755.0,13892.0,11186.0,13574.0,6770.0,1749.0,
2020-11-24,61037.0,,67938.0,8805.0,14104.0,11205.0,13641.0,6781.0,1783.0,
2020-11-25,61307.0,,68307.0,8864.0,14170.0,11292.0,13741.0,6804.0,1790.0,
2020-11-26,61635.0,24797.0,68633.0,8916.0,14250.0,,13802.0,6814.0,1798.0,
2020-11-27,61929.0,24915.0,69093.0,9004.0,14294.0,11334.0,13902.0,6823.0,1818.0,213112.0
2020-11-28,62316.0,25045.0,69269.0,9032.0,14319.0,11362.0,13981.0,6831.0,1844.0,213999.0
2020-11-29,62574.0,25099.0,69282.0,9144.0,14327.0,11362.0,,6831.0,1844.0,
2020-11-30,62700.0,,69795.0,9187.0,14339.0,11374.0,14031.0,6849.0,1844.0,
2020-12-01,62998.0,25460.0,70447.0,9391.0,14374.0,11387.0,14081.0,6855.0,1854.0,216847.0
2020-12-02,63277.0,25579.0,70898.0,9533.0,14442.0,11412.0,14171.0,6856.0,1860.0,218028.0
2020-12-03,63606.0,,71447.0,9603.0,14467.0,11456.0,14256.0,6863.0,1868.0,
2020-12-04,64146.0,25900.0,,9681.0,14497.0,11465.0,14353.0,6882.0,1872.0,
2020-12-05,64647.0,25974.0,72235.0,9754.0,,11528.0,,6904.0,1884.0,
2020-12-06,,25984.0,72279.0,9803.0,14556.0,11528.0,14447.0,6904.0,1884.0,
2020-12-07,64962.0,26094.0,72735.0,9817.0,14581.0,11534.0,14463.0,6906.0,1884.0,222976.0
2020-12-08,65289.0,26181.0,73191.0,9854.0,14638.0,11570.0,14522.0,6930.0,1889.0,224064.0
2020-12-09,65438.0,,73829.0,9900.0,14655.0,11621.0,14622.0,6936.0,1896.0,
2020-12-10,66200.0,26459.0,74359.0,9957.0,14679.0,11678.0,14722.0,6951.0,1903.0,226908.0
2020-12-11,66485.0,,74925.0,10003.0,14696.0,11707.0,14808.0,6954.0,1908.0,
2020-12-12,66661.0,,75566.0,10063.0,14757.0,11735.0,14888.0,6974.0,1930.0,
2020-12-13,66939.0,26769.0,75667.0,10077.0,14774.0,11744.0,14919.0,6984.0,1932.0,229805.0
2020-12-14,67141.0,26851.0,75999.0,10085.0,14817.0,11759.0,14944.0,6989.0,1939.0,230524.0
2020-12-15,67320.0,,76917.0,10130.0,14826.0,11778.0,15000.0,6994.0,1951.0,
2020-12-16,67724.0,27072.0,77638.0,10174.0,14848.0,11793.0,15160.0,7020.0,1964.0,233393.0
2020-12-17,68169.0,,78122.0,10260.0,14925.0,11817.0,15334.0,7032.0,1975.0,
2020-12-18,68435.0,,78711.0,10277.0,14962.0,11837.0,,7057.0,1984.0,
2020-12-19,68757.0,27358.0,79609.0,10317.0,15020.0,11902.0,,7079.0,1994.0,
2020-12-20,69282.0,,79648.0,10384.0,15020.0,11902.0,,7079.0,2004.0,
2020-12-21,69381.0,27539.0,80134.0,10403.0,15030.0,11914.0,,7092.0,2004.0,
2020-12-22,69687.0,27711.0,80542.0,10425.0,15130.0,11922.0,15928.0,7101.0,2023.0,240469.0
2020-12-23,70126.0,27937.0,81363.0,10476.0,15232.0,11946.0,,7128.0,2039.0,
2020-12-24,70566.0,28088.0,82090.0,10536.0,15270.0,11960.0,,7140.0,2054.0,
2020-12-25,70968.0,28124.0,82281.0,10602.0,15374.0,11960.0,,7140.0,2072.0,
2020-12-26,71297.0,28288.0,82673.0,10620.0,15412.0,12012.0,16615.0,7140.0,2073.0,246130.0
2020-12-27,71604.0,28391.0,82998.0,10640.0,15412.0,12034.0,16710.0,7140.0,2079.0,247008.0
2020-12-28,71760.0,28541.0,83407.0,10656.0,15440.0,12060.0,,7145.0,2080.0,
2020-12-29,72248.0,28810.0,84429.0,10675.0,15493.0,12131.0,16985.0,7168.0,2090.0,250029.0
2020-12-30,72759.0,29087.0,85266.0,10751.0,15559.0,12150.0,17235.0,7180.0,2118.0,252105.0
2020-12-31,73187.0,29566.0,86397.0,10820.0,15623.0,12187.0,,7193.0,2143.0,
2021-01-01,73716.0,29593.0,86506.0,10904.0,15659.0,12199.0,,7208.0,2175.0,
2021-01-02,74173.0,29848.0,87087.0,10946.0,15665.0,12223.0,17847.0,7208.0,2195.0,257192.0
2021-01-03,74419.0,30036.0,87351.0,10966.0,15672.0,12223.0,17997.0,7208.0,2234.0,258106.0
2021-01-04,74479.0,30381.0,88261.0,10989.0,15714.0,12247.0,18145.0,7217.0,2239.0,259672.0
2021-01-05,74826.0,30774.0,89662.0,11035.0,15764.0,12288.0,18295.0,7249.0,2256.0,262149.0
2021-01-06,75126.0,31122.0,90737.0,11096.0,15850.0,12333.0,18569.0,7276.0,2309.0,264418.0
2021-01-07,75789.0,31459.0,91691.0,11170.0,15918.0,12494.0,,7302.0,2369.0,
2021-01-08,76438.0,32013.0,93027.0,11263.0,15963.0,12537.0,18950.0,7304.0,2428.0,269923.0
2021-01-09,77042.0,32344.0,93831.0,11331.0,16050.0,12568.0,,7333.0,,
2021-01-10,77590.0,32529.0,94204.0,11439.0,16151.0,12568.0,19360.0,7333.0,,
2021-01-11,77895.0,32913.0,95061.0,11474.0,16232.0,12587.0,19508.0,7341.0,2496.0,275507.0
2021-01-12,78191.0,33413.0,95864.0,11600.0,16285.0,12697.0,19668.0,7344.0,2537.0,277599.0
2021-01-13,79065.0,33823.0,97169.0,11711.0,16345.0,12722.0,19868.0,7368.0,2583.0,280654.0
2021-01-14,79682.0,34182.0,98629.0,11826.0,16505.0,12760.0,20040.0,7412.0,2617.0,283653.0
2021-01-15,80569.0,34612.0,100218.0,11935.0,16745.0,12788.0,20240.0,7456.0,2674.0,287237.0
2021-01-16,81344.0,34940.0,101452.0,12088.0,16862.0,12929.0,20359.0,7494.0,2727.0,290195.0
2021-01-17,81956.0,35199.0,101862.0,12179.0,17036.0,12951.0,20659.0,7506.0,2771.0,292119.0
2021-01-18,82358.0,35598.0,102146.0,12230.0,17085.0,13076.0,20856.0,7601.0,2837.0,293787.0
2021-01-19,83112.0,36109.0,104091.0,12314.0,17113.0,13170.0,21056.0,7702.0,2896.0,297563.0
2021-01-20,84121.0,36608.0,104395.0,12465.0,17280.0,13231.0,21189.0,7828.0,2961.0,300078.0
2021-01-21,85145.0,37072.0,106248.0,12599.0,17388.0,13302.0,21439.0,7905.0,3047.0,304145.0
2021-01-22,86058.0,,107305.0,12787.0,17555.0,13453.0,21661.0,8065.0,3078.0,
2021-01-23,86776.0,37817.0,108419.0,12913.0,17643.0,13487.0,21961.0,8115.0,3123.0,310254.0
2021-01-24,87418.0,,109273.0,12962.0,17674.0,13503.0,22090.0,8153.0,3134.0,
2021-01-25,87739.0,38565.0,110811.0,13043.0,17809.0,13552.0,22490.0,8203.0,3202.0,315414.0
2021-01-26,88979.0,39164.0,113165.0,13148.0,17906.0,13736.0,22878.0,8330.0,3295.0,320601.0
2021-01-27,89780.0,39931.0,115575.0,13265.0,18020.0,13912.0,23645.0,8495.0,3361.0,325984.0
2021-01-28,91202.0,40717.0,117482.0,13488.0,18211.0,14085.0,24096.0,8647.0,3437.0,331365.0
2021-01-29,92418.0,41500.0,119597.0,13720.0,18473.0,14275.0,24620.0,8783.0,3509.0,336895.0
2021-01-30,93804.0,41972.0,121280.0,13916.0,18602.0,14387.0,24835.0,8855.0,3525.0,341176.0
2021-01-31,94801.0,42205.0,121848.0,14085.0,18785.0,14404.0,25186.0,8893.0,3563.0,343770.0
2021-02-01,95663.0,42781.0,123418.0,14164.0,18860.0,14547.0,25413.0,9019.0,3631.0,347496.0
2021-02-02,97043.0,43487.0,125542.0,14325.0,18971.0,14767.0,25653.0,9124.0,3690.0,352602.0
2021-02-03,98441.0,44260.0,127227.0,14504.0,19362.0,14901.0,25909.0,9239.0,3758.0,357601.0
2021-02-04,99711.0,44923.0,128868.0,14648.0,19865.0,15018.0,26251.0,9449.0,3889.0,362622.0
2021-02-05,100711.0,45542.0,130762.0,14956.0,20240.0,15149.0,26546.0,9546.0,3937.0,367389.0
2021-02-06,101827.0,46099.0,132425.0,15137.0,20559.0,15186.0,26767.0,9633.0,3992.0,371625.0
2021-02-07,102859.0,46136.0,132730.0,15300.0,20932.0,15190.0,27117.0,9684.0,4064.0,374012.0
2021-02-08,103483.0,46745.0,134167.0,15337.0,21289.0,15335.0,27299.0,9712.0,4169.0,377536.0
2021-02-09,104459.0,47539.0,136392.0,15451.0,21815.0,15555.0,27596.0,9851.0,4199.0,382857.0
2021-02-10,105712.0,48454.0,139361.0,15614.0,22177.0,15692.0,27929.0,9952.0,4262.0,389153.0
2021-02-11,106903.0,49005.0,141494.0,15717.0,22177.0,15862.0,28220.0,10063.0,4308.0,393749.0
2021-02-12,107866.0,49760.0,143304.0,15799.0,22928.0,15980.0,28428.0,10145.0,4364.0,398574.0
2021-02-13,108767.0,50395.0,144788.0,15886.0,23147.0,16071.0,28658.0,10246.0,4375.0,402333.0
2021-02-14,109332.0,50526.0,145771.0,16020.0,23243.0,16092.0,28947.0,10257.0,4395.0,404583.0
2021-02-15,109635.0,50762.0,147179.0,16103.0,,16111.0,29265.0,10259.0,4396.0,
2021-02-16,109857.0,51062.0,147878.0,16171.0,23330.0,16128.0,29607.0,10274.0,4406.0,408713.0
2021-02-17,110401.0,51868.0,149465.0,16207.0,23356.0,16253.0,29725.0,10307.0,4449.0,412031.0
2021-02-18,111235.0,52651.0,152373.0,16415.0,23491.0,16464.0,29880.0,10416.0,,
2021-02-19,112429.0,53278.0,155190.0,16514.0,23734.0,16662.0,30038.0,10513.0,4642.0,423000.0
2021-02-20,113657.0,53665.0,157086.0,16702.0,23864.0,16718.0,30272.0,10578.0,4675.0,427217.0
2021-02-21,113927.0,,158683.0,16803.0,23967.0,16737.0,30517.0,10602.0,4708.0,
2021-02-22,114689.0,54462.0,161791.0,16878.0,24071.0,16849.0,30612.0,10674.0,4807.0,434833.0
2021-02-23,115931.0,55187.0,164850.0,16990.0,24529.0,17033.0,30777.0,10779.0,4879.0,440955.0
2021-02-24,117219.0,56065.0,168465.0,17174.0,25995.0,17192.0,31042.0,10900.0,4941.0,448993.0
2021-02-25,118419.0,56652.0,171508.0,17400.0,27640.0,17330.0,31224.0,11048.0,5030.0,456251.0
2021-02-26,119678.0,57610.0,174620.0,17655.0,27727.0,17474.0,31450.0,11129.0,5175.0,462518.0
2021-02-27,120454.0,58152.0,176362.0,17782.0,27844.0,17559.0,31910.0,11231.0,5266.0,466560.0
2021-02-28,121357.0,58427.0,178024.0,17914.0,27852.0,17582.0,32229.0,11244.0,5360.0,469989.0
2021-03-01,122213.0,59208.0,180594.0,18030.0,28114.0,17812.0,32518.0,11331.0,5457.0,475277.0
2021-03-02,123566.0,60066.0,183246.0,18160.0,28208.0,18022.0,32772.0,11467.0,5543.0,481050.0
2021-03-03,124659.0,61155.0,185809.0,18314.0,28418.0,18346.0,33120.0,11580.0,5675.0,487076.0
2021-03-04,125780.0,62262.0,187579.0,18544.0,28540.0,18635.0,33333.0,11667.0,5742.0,492082.0
2021-03-05,127536.0,63362.0,189758.0,18879.0,28799.0,18953.0,33532.0,11812.0,5923.0,498554.0
2021-03-06,129240.0,64043.0,191107.0,19029.0,29165.0,19050.0,33702.0,11887.0,5945.0,503168.0
2021-03-07,130373.0,64261.0,191356.0,19158.0,29323.0,19085.0,,11899.0,6016.0,
2021-03-08,131467.0,64804.0,192242.0,19221.0,29358.0,19266.0,33871.0,11923.0,6081.0,508233.0
2021-03-09,132148.0,65922.0,194447.0,19395.0,29455.0,19533.0,,12078.0,6105.0,
2021-03-10,133185.0,66831.0,196500.0,19601.0,29581.0,19980.0,34305.0,12160.0,6158.0,518301.0
2021-03-11,134207.0,68184.0,199329.0,19795.0,29791.0,20279.0,34514.0,12434.0,6196.0,524729.0
2021-03-12,135275.0,69099.0,203235.0,20080.0,31083.0,20749.0,34746.0,12595.0,6292.0,533154.0
2021-03-13,136494.0,69720.0,,20207.0,31198.0,20931.0,34884.0,12688.0,6312.0,
2021-03-14,137217.0,70139.0,207342.0,20280.0,31538.0,20996.0,35040.0,12769.0,6347.0,541668.0
2021-03-15,137771.0,71111.0,211096.0,20392.0,31823.0,21413.0,35173.0,12848.0,6421.0,548048.0
2021-03-16,138852.0,72015.0,214063.0,20574.0,32032.0,21960.0,35301.0,13025.0,6460.0,554282.0
2021-03-17,139898.0,73103.0,217581.0,20747.0,32133.0,22431.0,35471.0,13408.0,6558.0,561330.0
2021-03-18,140937.0,74087.0,219965.0,20918.0,32540.0,22774.0,35643.0,13618.0,6666.0,567148.0
2021-03-19,141931.0,75074.0,222387.0,21042.0,32933.0,23145.0,35791.0,13760.0,6701.0,572764.0
2021-03-20,142596.0,75537.0,224125.0,21183.0,33001.0,23259.0,35979.0,13897.0,6723.0,576300.0
2021-03-21,143442.0,75698.0,224697.0,21219.0,33071.0,23296.0,36135.0,13932.0,6769.0,578259.0
2021-03-22,143997.0,,227384.0,21285.0,33126.0,23690.0,36239.0,14082.0,6899.0,
2021-03-23,144993.0,77934.0,230527.0,21454.0,33993.0,24123.0,36462.0,14416.0,6960.0,590862.0
2021-03-24,146203.0,79153.0,233431.0,21594.0,34150.0,24614.0,36680.0,14665.0,7143.0,597633.0
2021-03-25,146841.0,80253.0,235697.0,21744.0,34291.0,25077.0,36839.0,15439.0,7323.0,603504.0
2021-03-26,147495.0,81074.0,239730.0,21883.0,34384.0,25565.0,37053.0,15718.0,7466.0,610368.0
2021-03-27,148116.0,81684.0,,22019.0,34448.0,25748.0,37121.0,16028.0,7535.0,
2021-03-28,148510.0,82374.0,240281.0,22073.0,,25837.0,37243.0,16202.0,7627.0,
2021-03-29,148866.0,83572.0,242856.0,22158.0,34704.0,26259.0,37367.0,16712.0,7748.0,620242.0
2021-03-30,149882.0,84620.0,245809.0,22367.0,34937.0,26771.0,37549.0,17015.0,7968.0,626918.0
2021-03-31,150654.0,,248493.0,22508.0,35169.0,27163.0,37804.0,17756.0,8155.0,
2021-04-01,151758.0,88661.0,250586.0,22724.0,35426.0,27577.0,38018.0,17892.0,8326.0,640968.0
2021-04-02,152668.0,,251697.0,22910.0,35476.0,,38174.0,18810.0,8476.0,
2021-04-03,153151.0,89771.0,253290.0,23002.0,35544.0,27796.0,38279.0,18908.0,8603.0,648344.0
2021-04-04,153537.0,90075.0,255454.0,23069.0,35570.0,27870.0,38346.0,19212.0,8740.0,651873.0
2021-04-05,153823.0,91649.0,255454.0,23143.0,35598.0,28143.0,38503.0,19446.0,8841.0,654600.0
2021-04-06,154667.0,92607.0,263604.0,23338.0,35818.0,28538.0,38702.0,20061.0,9114.0,666449.0
2021-04-07,155609.0,94204.0,267894.0,23644.0,35904.0,29021.0,38884.0,20337.0,9342.0,674839.0
2021-04-08,157002.0,95861.0,272766.0,23833.0,36148.0,29549.0,39070.0,20674.0,9451.0,684354.0
2021-04-09,158379.0,97653.0,278007.0,24151.0,36308.0,30115.0,39380.0,21044.0,9533.0,694570.0
2021-04-10,159301.0,98470.0,280759.0,24419.0,,30261.0,39808.0,21428.0,9590.0,
2021-04-11,160296.0,99152.0,282970.0,24566.0,,30368.0,39912.0,22918.0,9687.0,
2021-04-12,160797.0,100861.0,288454.0,24660.0,36645.0,30726.0,39998.0,23020.0,9900.0,715061.0
2021-04-13,161386.0,102619.0,292748.0,24897.0,36835.0,31368.0,40176.0,24266.0,9987.0,724282.0
2021-04-14,162412.0,104594.0,296689.0,25138.0,36959.0,31859.0,40379.0,24505.0,10177.0,732712.0
2021-04-15,163335.0,106450.0,300037.0,25454.0,37187.0,31902.0,40608.0,24888.0,10289.0,740150.0
2021-04-16,164236.0,,304190.0,25663.0,,32382.0,40808.0,25063.0,10480.0,
2021-04-17,165335.0,109524.0,306548.0,25976.0,37295.0,32456.0,40968.0,25338.0,10811.0,754251.0
2021-04-18,165983.0,109981.0,307703.0,26189.0,37304.0,32614.0,41084.0,26032.0,10883.0,757773.0
2021-04-19,166682.0,111427.0,312947.0,26386.0,37445.0,33004.0,41400.0,26621.0,11072.0,766984.0
2021-04-20,168051.0,113477.0,318144.0,26686.0,37810.0,33554.0,41575.0,26927.0,11227.0,777451.0
2021-04-21,169319.0,115196.0,322696.0,27054.0,38067.0,34070.0,41861.0,27231.0,11373.0,786867.0
2021-04-22,170610.0,117468.0,327104.0,27526.0,38235.0,,42116.0,27445.0,11447.0,
2021-04-23,172187.0,119516.0,330237.0,27847.0,38354.0,35210.0,42311.0,27654.0,11546.0,804862.0
2021-04-24,173307.0,,331782.0,28257.0,38434.0,35367.0,42587.0,28060.0,11745.0,
2021-04-25,174060.0,,332812.0,28542.0,38466.0,35548.0,42731.0,28106.0,12128.0,
2021-04-26,174741.0,122340.0,336626.0,28705.0,38765.0,35990.0,42852.0,28797.0,12234.0,821050.0
2021-04-27,176133.0,124476.0,341127.0,28979.0,38889.0,36406.0,43040.0,29245.0,12387.0,830682.0
2021-04-28,177271.0,126288.0,346412.0,29295.0,38917.0,36827.0,43343.0,29539.0,12469.0,840361.0
2021-04-29,178178.0,129208.0,353626.0,29637.0,39116.0,37307.0,43576.0,29801.0,,
2021-04-30,179730.0,131369.0,360687.0,29934.0,39149.0,37667.0,43864.0,30205.0,12752.0,865357.0
2021-05-01,180778.0,132353.0,363472.0,30154.0,,37783.0,44109.0,30254.0,12784.0,
2021-05-02,181489.0,,366743.0,30348.0,,37846.0,44257.0,30298.0,12799.0,
2021-05-03,182254.0,134608.0,371385.0,30433.0,39465.0,38196.0,44386.0,30470.0,12886.0,884083.0
2021-05-04,183436.0,136293.0,375911.0,30630.0,39488.0,38716.0,44582.0,30641.0,13132.0,892829.0
2021-05-05,185213.0,138357.0,379798.0,30953.0,39577.0,39114.0,44956.0,31014.0,13309.0,902291.0
2021-05-06,186417.0,140575.0,382888.0,31221.0,39624.0,39524.0,45171.0,31339.0,13386.0,910145.0
2021-05-07,187481.0,143055.0,386129.0,31482.0,39737.0,39908.0,45429.0,,13474.0,
2021-05-08,188412.0,144170.0,387889.0,31841.0,39916.0,40058.0,45642.0,31647.0,13566.0,923141.0
2021-05-09,189244.0,145009.0,389045.0,32135.0,39978.0,40085.0,46025.0,,13610.0,
2021-05-10,189681.0,146504.0,392553.0,32225.0,40089.0,40445.0,46101.0,31884.0,13906.0,933388.0
2021-05-11,190610.0,148852.0,396773.0,32632.0,,40811.0,46368.0,32103.0,13993.0,
2021-05-12,191848.0,151372.0,400408.0,32981.0,40231.0,41222.0,46604.0,32340.0,14036.0,951042.0
2021-05-13,192601.0,154204.0,404814.0,33366.0,40353.0,41563.0,46892.0,32658.0,14087.0,960538.0
2021-05-14,193852.0,156547.0,407946.0,33675.0,40536.0,42046.0,47143.0,32838.0,14146.0,968729.0
2021-05-15,195023.0,157852.0,409524.0,34126.0,40612.0,42140.0,47485.0,32982.0,14154.0,973898.0
2021-05-16,196009.0,158330.0,410747.0,34399.0,40678.0,42195.0,47676.0,33008.0,14162.0,977204.0
2021-05-17,196884.0,160441.0,413449.0,34504.0,41068.0,42692.0,47887.0,33280.0,14254.0,984459.0
2021-05-18,197832.0,163028.0,416761.0,34957.0,41192.0,43150.0,48242.0,33502.0,14301.0,992965.0
2021-05-19,199038.0,165524.0,420892.0,35630.0,41274.0,43641.0,48557.0,33649.0,14360.0,1002565.0
2021-05-20,200483.0,168039.0,424897.0,36392.0,41384.0,44236.0,48802.0,34034.0,14455.0,1012722.0
2021-05-21,201897.0,170521.0,428427.0,36952.0,41632.0,44778.0,49238.0,34238.0,,
2021-05-22,202764.0,171835.0,431239.0,37675.0,41923.0,45028.0,49650.0,34369.0,14606.0,1029089.0
2021-05-23,204133.0,172905.0,432596.0,38011.0,42007.0,45218.0,49825.0,34404.0,14619.0,1033718.0
2021-05-24,205011.0,176063.0,436296.0,38307.0,42049.0,45971.0,50045.0,34628.0,14686.0,1043056.0
2021-05-25,206341.0,179252.0,440251.0,38669.0,,46859.0,50216.0,34870.0,,
2021-05-26,208045.0,182556.0,444559.0,39110.0,42746.0,47566.0,50506.0,35185.0,14866.0,1065139.0
2021-05-27,210243.0,185593.0,448927.0,39573.0,42856.0,48068.0,50740.0,35465.0,14932.0,1076397.0
2021-05-28,212249.0,188440.0,453189.0,40050.0,42933.0,48947.0,51160.0,35744.0,15020.0,1087732.0
2021-05-29,214426.0,189559.0,455840.0,40442.0,43007.0,49408.0,51462.0,36877.0,15042.0,1096063.0
2021-05-30,215928.0,191305.0,457088.0,40660.0,43229.0,49669.0,51825.0,,15070.0,
2021-05-31,216709.0,194496.0,460338.0,40869.0,43402.0,50726.0,52692.0,36242.0,15146.0,1110620.0
2021-06-01,219122.0,197488.0,464053.0,41237.0,43612.0,51378.0,53046.0,36767.0,15256.0,1121959.0
2021-06-02,221210.0,200383.0,468236.0,41679.0,43810.0,51977.0,53521.0,37083.0,15324.0,1133223.0
2021-06-03,223439.0,202016.0,471084.0,42165.0,43937.0,52263.0,53891.0,37190.0,15348.0,1141333.0
2021-06-04,224245.0,204923.0,475239.0,42527.0,44055.0,52690.0,54200.0,37652.0,15457.0,1150988.0
2021-06-05,225635.0,206735.0,478060.0,42842.0,44208.0,52984.0,54592.0,37781.0,15482.0,1158319.0
2021-06-06,227132.0,207988.0,479081.0,43108.0,44372.0,53170.0,54814.0,37884.0,15499.0,1163048.0
2021-06-07,227833.0,210224.0,482858.0,43333.0,44569.0,53852.0,56360.0,38110.0,15582.0,1172721.0
2021-06-08,229240.0,213591.0,487464.0,43698.0,44818.0,54639.0,56811.0,38275.0,15628.0,1184164.0
2021-06-09,231504.0,217468.0,492886.0,44095.0,45020.0,55680.0,57354.0,38495.0,15712.0,1198214.0
2021-06-10,233873.0,220481.0,498152.0,44527.0,45161.0,56639.0,57923.0,38695.0,15816.0,1211267.0
2021-06-11,236616.0,223050.0,502884.0,45016.0,45410.0,57621.0,58328.0,39047.0,15911.0,1223883.0
2021-06-12,238916.0,224994.0,,45348.0,45535.0,57824.0,58617.0,39112.0,15944.0,
2021-06-13,240169.0,226432.0,506925.0,45513.0,45606.0,57947.0,58983.0,39137.0,15963.0,1236675.0
2021-06-14,241073.0,228580.0,510745.0,45730.0,45797.0,58546.0,59501.0,39389.0,16017.0,1245378.0
2021-06-15,243049.0,231315.0,515652.0,46042.0,45912.0,59116.0,60048.0,39694.0,16139.0,1256967.0
2021-06-16,246922.0,233418.0,520595.0,46373.0,46102.0,59890.0,60684.0,40056.0,16222.0,1270262.0
2021-06-17,249634.0,236458.0,525389.0,46776.0,46316.0,60300.0,61163.0,40302.0,16320.0,1282658.0
2021-06-18,252627.0,238837.0,529279.0,47169.0,46527.0,60799.0,61780.0,40550.0,16394.0,1293962.0
2021-06-19,255195.0,240213.0,531298.0,47456.0,46657.0,60981.0,62547.0,40640.0,16415.0,1301402.0
2021-06-20,257367.0,241115.0,532092.0,47637.0,46830.0,61039.0,62793.0,40685.0,16496.0,1306054.0
2021-06-21,258521.0,241870.0,532980.0,47749.0,46878.0,61129.0,63006.0,40778.0,16520.0,1309431.0
2021-06-22,259497.0,244297.0,537241.0,47942.0,46953.0,61694.0,63424.0,40943.0,16600.0,1318591.0
2021-06-23,262596.0,246671.0,541090.0,48346.0,47208.0,62321.0,63945.0,41120.0,16677.0,1329974.0
2021-06-24,265367.0,248937.0,544785.0,48666.0,47379.0,63126.0,64248.0,41556.0,16755.0,1340819.0
2021-06-25,267878.0,250953.0,549037.0,49022.0,47606.0,63697.0,64588.0,41862.0,16835.0,1351478.0
2021-06-26,270195.0,252843.0,551336.0,49288.0,47851.0,63879.0,65053.0,41921.0,16865.0,1359231.0
2021-06-27,271216.0,254718.0,552858.0,49473.0,47925.0,63983.0,65543.0,42008.0,16926.0,1364650.0
2021-06-28,272095.0,257653.0,556689.0,49616.0,48075.0,64471.0,65683.0,42184.0,17031.0,1373497.0
2021-06-29,274347.0,260383.0,560366.0,49949.0,48329.0,64944.0,66046.0,42412.0,17090.0,1383866.0
2021-06-30,276908.0,262485.0,564517.0,50334.0,48550.0,65347.0,66744.0,42650.0,17161.0,1394696.0
2021-07-01,279300.0,264597.0,568722.0,50738.0,48776.0,65659.0,67134.0,42857.0,17231.0,1405014.0
2021-07-02,281357.0,266711.0,572078.0,51172.0,49055.0,65999.0,67620.0,43097.0,17287.0,1414376.0
2021-07-03,283817.0,267778.0,573788.0,51348.0,49190.0,66166.0,67867.0,43160.0,17293.0,1420407.0
2021-07-04,285534.0,268297.0,574896.0,51513.0,49290.0,66288.0,68285.0,43311.0,17327.0,1424741.0
2021-07-05,286300.0,270069.0,578260.0,51701.0,49373.0,66767.0,68734.0,43511.0,17423.0,1432138.0
2021-07-06,288407.0,271923.0,581728.0,51927.0,49469.0,67404.0,69109.0,43608.0,17497.0,1441072.0
2021-07-07,290301.0,273749.0,584616.0,52195.0,49743.0,67836.0,69608.0,43758.0,17578.0,1449384.0
2021-07-08,,275324.0,,52499.0,50040.0,68353.0,70103.0,44142.0,17640.0,
2021-07-09,,277051.0,,52912.0,50253.0,68803.0,70659.0,44453.0,17740.0,
2021-07-10,,277924.0,,53189.0,50430.0,68959.0,70989.0,44534.0,17764.0,
2021-07-11,,278405.0,,53396.0,50517.0,69055.0,71179.0,44571.0,17770.0,
2021-07-12,,279916.0,,53725.0,50670.0,69346.0,71669.0,44675.0,17825.0,
2021-07-13,297990.0,281412.0,605284.0,54099.0,51109.0,69837.0,72056.0,44988.0,17897.0,1494672.0
2021-07-14,300324.0,282885.0,608959.0,54413.0,51301.0,70360.0,72469.0,45098.0,17993.0,1503802.0
2021-07-15,302379.0,284586.0,,54682.0,51423.0,70817.0,,45379.0,18060.0,
2021-07-16,304290.0,286213.0,616023.0,55013.0,51622.0,71401.0,73528.0,45590.0,18139.0,1521819.0
2021-07-17,305375.0,287086.0,617967.0,55350.0,51804.0,71607.0,73911.0,45629.0,18177.0,1526906.0
2021-07-18,306092.0,287666.0,619098.0,55622.0,51880.0,71712.0,74163.0,45673.0,18180.0,1530086.0
2021-07-19,306692.0,289298.0,622460.0,55694.0,51978.0,72171.0,74486.0,45764.0,18243.0,1536786.0
2021-07-20,308025.0,290966.0,,55892.0,,72692.0,74961.0,45951.0,18312.0,
2021-07-21,310054.0,292763.0,629237.0,56234.0,52312.0,73056.0,75361.0,46094.0,18369.0,1553480.0
2021-07-22,312019.0,294495.0,631627.0,56485.0,52440.0,73484.0,75781.0,46274.0,18409.0,1561014.0
2021-07-23,313559.0,295808.0,634802.0,56790.0,52614.0,73877.0,76161.0,46404.0,18448.0,1568463.0
2021-07-24,315243.0,296540.0,636478.0,57111.0,52714.0,73966.0,76399.0,46557.0,18462.0,1573470.0
2021-07-25,316018.0,297046.0,637309.0,57352.0,52743.0,74043.0,76689.0,46577.0,18467.0,1576244.0
2021-07-26,316549.0,298334.0,640408.0,57410.0,52819.0,74304.0,77032.0,46681.0,18538.0,1582075.0
2021-07-27,318329.0,300015.0,643525.0,57676.0,53074.0,74676.0,77525.0,46913.0,18611.0,1590344.0
2021-07-28,320513.0,301554.0,646231.0,57969.0,53243.0,75132.0,77986.0,47075.0,18678.0,1598381.0
2021-07-29,322440.0,303575.0,648867.0,58212.0,53315.0,75588.0,78274.0,47204.0,18709.0,1606184.0
2021-07-30,324186.0,304956.0,651979.0,58474.0,53500.0,75902.0,78569.0,47296.0,18746.0,1613608.0
2021-07-31,325763.0,305536.0,653985.0,58691.0,53600.0,76082.0,78894.0,47416.0,18779.0,1618746.0
2021-08-01,326665.0,305741.0,654929.0,58896.0,53655.0,76201.0,79048.0,47588.0,18803.0,1621526.0
2021-08-02,327268.0,306862.0,657876.0,58974.0,53775.0,76424.0,79211.0,47680.0,18863.0,1626933.0
2021-08-03,328977.0,308315.0,660916.0,59139.0,53873.0,76821.0,79461.0,47793.0,18900.0,1634195.0
2021-08-04,330589.0,309784.0,664201.0,59345.0,54122.0,77199.0,79923.0,47970.0,18947.0,1642080.0
2021-08-05,332333.0,311018.0,667236.0,59560.0,54222.0,77771.0,80419.0,48169.0,18987.0,1649715.0
2021-08-06,333439.0,311716.0,668144.0,59821.0,54350.0,77892.0,80706.0,48211.0,18989.0,1653268.0
2021-08-07,333903.0,312563.0,669768.0,59968.0,54387.0,78046.0,80888.0,48356.0,19001.0,1656880.0
2021-08-08,334390.0,313168.0,670676.0,60148.0,54418.0,78132.0,81055.0,48440.0,19005.0,1659432.0
2021-08-09,334617.0,314469.0,673537.0,60219.0,54492.0,78592.0,81291.0,48524.0,19017.0,1664758.0
2021-08-10,335960.0,315854.0,676770.0,60464.0,54608.0,79206.0,81681.0,48616.0,19061.0,1672220.0
2021-08-11,338052.0,317343.0,679742.0,60710.0,54767.0,79664.0,81980.0,48938.0,19104.0,1680300.0
2021-08-12,339828.0,318537.0,682978.0,60949.0,54883.0,79933.0,82180.0,49126.0,19129.0,1687543.0
2021-08-13,341301.0,319755.0,685973.0,61197.0,55080.0,80218.0,82380.0,49407.0,19182.0,1694493.0
2021-08-14,342937.0,320211.0,687705.0,61433.0,55224.0,80412.0,82700.0,49626.0,19192.0,1699440.0
2021-08-15,343563.0,320571.0,688352.0,61702.0,55248.0,80488.0,82795.0,49691.0,19196.0,1701606.0
2021-08-16,344093.0,321928.0,691068.0,61878.0,55352.0,80925.0,83080.0,50071.0,19239.0,1707634.0
2021-08-17,345489.0,323184.0,694068.0,62218.0,55653.0,81475.0,83321.0,50350.0,19293.0,1715051.0
2021-08-18,347245.0,324416.0,696997.0,62590.0,55873.0,81978.0,83724.0,50618.0,19340.0,1722781.0
2021-08-19,348840.0,325616.0,699722.0,62907.0,55994.0,82502.0,83924.0,50939.0,19371.0,1729815.0
2021-08-20,350582.0,326906.0,702736.0,63237.0,56069.0,82969.0,84327.0,51125.0,19423.0,1737374.0
2021-08-21,352171.0,327628.0,704534.0,63589.0,56216.0,83198.0,84462.0,51194.0,19442.0,1742434.0
2021-08-22,352862.0,328035.0,705086.0,63755.0,56235.0,83271.0,84678.0,51226.0,19445.0,1744593.0
2021-08-23,353316.0,329347.0,707584.0,63828.0,56361.0,83662.0,84878.0,51410.0,19481.0,1749867.0
2021-08-24,354327.0,331007.0,710786.0,64111.0,56542.0,84029.0,85201.0,51596.0,19545.0,1757144.0
2021-08-25,356128.0,332400.0,713686.0,64568.0,56789.0,84531.0,85401.0,51961.0,19596.0,1765060.0
2021-08-26,358019.0,333660.0,716138.0,64984.0,56911.0,85221.0,85601.0,52326.0,19647.0,1772507.0
2021-08-27,359662.0,334937.0,718622.0,65489.0,57078.0,85694.0,85801.0,52435.0,19677.0,1779395.0
2021-08-28,361302.0,335662.0,719923.0,65773.0,57179.0,85850.0,86293.0,52489.0,19689.0,1784160.0
2021-08-29,362058.0,336132.0,720495.0,66001.0,57265.0,85883.0,86429.0,52498.0,19690.0,1786451.0
2021-08-30,362464.0,337540.0,722832.0,66112.0,57395.0,86260.0,86579.0,52662.0,19721.0,1791565.0
2021-08-31,363927.0,338685.0,725317.0,66388.0,57540.0,86713.0,86729.0,52851.0,19751.0,1797901.0
2021-09-01,365653.0,339934.0,727538.0,66800.0,57640.0,87154.0,86929.0,53011.0,19784.0,1804443.0
2021-09-02,367771.0,341246.0,,,57724.0,87612.0,87129.0,53184.0,19811.0,
2021-09-03,369532.0,342384.0,732047.0,67384.0,57797.0,87941.0,87500.0,53469.0,19849.0,1817903.0
2021-09-04,371207.0,342959.0,733226.0,67626.0,57916.0,88139.0,87650.0,53571.0,19850.0,1822144.0
2021-09-05,372048.0,343243.0,733747.0,67788.0,57941.0,88239.0,87807.0,53620.0,19880.0,1824313.0
2021-09-06,372291.0,344690.0,735920.0,67851.0,57993.0,88563.0,87927.0,53783.0,19926.0,1828944.0
2021-09-07,373713.0,346184.0,737920.0,68155.0,58147.0,89014.0,88037.0,54013.0,19984.0,1835167.0
2021-09-08,375351.0,347634.0,739673.0,68441.0,58342.0,89401.0,88422.0,54240.0,20011.0,1841515.0
2021-09-09,376882.0,349200.0,741506.0,68717.0,58556.0,89754.0,88542.0,54423.0,20040.0,1847620.0
2021-09-10,378965.0,350286.0,743079.0,68973.0,58702.0,90204.0,88786.0,54576.0,20083.0,1853654.0
2021-09-11,,350856.0,,69211.0,58756.0,90387.0,88886.0,54602.0,20085.0,
2021-09-12,381616.0,351155.0,744870.0,69344.0,58805.0,90451.0,88986.0,54613.0,20087.0,1859927.0
2021-09-13,382010.0,352339.0,,69409.0,59061.0,90861.0,89192.0,,20135.0,
2021-09-14,383628.0,352633.0,748704.0,69723.0,59170.0,91281.0,89362.0,54920.0,20166.0,1869587.0
2021-09-15,385852.0,353743.0,750626.0,70154.0,59276.0,91572.0,89512.0,55023.0,20199.0,1875957.0
2021-09-16,387725.0,354788.0,752736.0,70437.0,59443.0,91994.0,89662.0,55324.0,20231.0,1882340.0
2021-09-17,389178.0,355820.0,752736.0,70652.0,59512.0,92419.0,90129.0,55508.0,20250.0,1886204.0
2021-09-18,390581.0,356529.0,755665.0,70906.0,59584.0,92695.0,90279.0,55580.0,20252.0,1892071.0
2021-09-19,391302.0,356801.0,756095.0,71030.0,59599.0,92718.0,90379.0,55612.0,20252.0,1893788.0
2021-09-20,391570.0,357806.0,758325.0,71096.0,59633.0,93014.0,90479.0,55821.0,20298.0,1898042.0
2021-09-21,392787.0,358726.0,760398.0,71304.0,59844.0,93316.0,90579.0,55992.0,20320.0,1903266.0
2021-09-22,394311.0,359793.0,762476.0,71617.0,59918.0,93549.0,90679.0,56287.0,20354.0,1908984.0
2021-09-23,395716.0,360930.0,764386.0,71952.0,59983.0,93847.0,90764.0,56625.0,20394.0,1914597.0
2021-09-24,397347.0,361947.0,765138.0,72196.0,60034.0,94207.0,90864.0,56885.0,20397.0,1919015.0
2021-09-25,398471.0,362587.0,766135.0,72431.0,60105.0,94383.0,90964.0,56986.0,20405.0,1922467.0
2021-09-26,398978.0,362901.0,766603.0,72629.0,60124.0,94466.0,91044.0,57002.0,20407.0,1924154.0
2021-09-27,399273.0,364002.0,768750.0,72715.0,60211.0,94820.0,91124.0,57241.0,20444.0,1928580.0
2021-09-28,400319.0,365189.0,770996.0,73054.0,60354.0,95083.0,91244.0,57368.0,20472.0,1934079.0
2021-09-29,402018.0,366412.0,773307.0,73517.0,60562.0,95426.0,91444.0,57551.0,20507.0,1940744.0
2021-09-30,403447.0,367415.0,775240.0,73867.0,60660.0,95658.0,91644.0,57721.0,20555.0,1946207.0
2021-10-01,404847.0,368560.0,777387.0,74425.0,60786.0,96024.0,91753.0,57860.0,20571.0,1952213.0
2021-10-02,406306.0,369411.0,,74842.0,60838.0,96140.0,91846.0,,20576.0,
2021-10-03,406830.0,,,74981.0,60873.0,96282.0,91939.0,58116.0,20579.0,
2021-10-04,407120.0,370691.0,781181.0,75156.0,60884.0,96533.0,91983.0,58176.0,20618.0,1962342.0
2021-10-05,408490.0,371709.0,783484.0,75550.0,61156.0,96822.0,92237.0,58309.0,20658.0,1968415.0
2021-10-06,410319.0,372970.0,785803.0,75819.0,61343.0,97081.0,92468.0,58514.0,20697.0,1975014.0
2021-10-07,412195.0,373996.0,788273.0,75994.0,61473.0,97319.0,92868.0,58539.0,20724.0,1981381.0
2021-10-08,414130.0,374906.0,790509.0,76186.0,61563.0,97629.0,93026.0,58646.0,20755.0,1987350.0
2021-10-09,416260.0,375399.0,,76406.0,61596.0,97717.0,93196.0,,20758.0,
2021-10-10,416748.0,375613.0,,76645.0,61608.0,97738.0,93288.0,,,
2021-10-11,416927.0,376826.0,793164.0,76740.0,61711.0,97894.0,93537.0,58950.0,20768.0,1996517.0
2021-10-12,418135.0,377943.0,795685.0,76965.0,61794.0,98186.0,93787.0,59029.0,20821.0,2002345.0
2021-10-13,419654.0,379274.0,798036.0,77216.0,61905.0,98366.0,94233.0,59092.0,20851.0,2008627.0
2021-10-14,421320.0,380514.0,800237.0,77549.0,61967.0,98665.0,94548.0,59155.0,20885.0,2014840.0
2021-10-15,422518.0,381639.0,802333.0,77787.0,62074.0,99005.0,94834.0,59273.0,20933.0,2020396.0
2021-10-16,423688.0,382221.0,,78496.0,,99156.0,95007.0,,20937.0,
2021-10-17,424519.0,382574.0,804015.0,78709.0,62207.0,99183.0,95100.0,59440.0,20972.0,2026719.0
2021-10-18,424833.0,384019.0,806275.0,78793.0,62272.0,99454.0,95380.0,59517.0,21008.0,2031551.0
2021-10-19,425946.0,385248.0,808725.0,79100.0,62389.0,99689.0,95654.0,59717.0,21045.0,2037513.0
2021-10-20,427221.0,386205.0,810919.0,79355.0,62415.0,99897.0,96208.0,59808.0,21074.0,2043102.0
2021-10-21,428247.0,387281.0,,79563.0,62574.0,100188.0,96501.0,,21098.0,
2021-10-22,429562.0,388730.0,,79784.0,,100409.0,,60225.0,21118.0,
2021-10-23,431071.0,389721.0,817400.0,80005.0,62687.0,100482.0,97099.0,60254.0,21133.0,2059852.0
2021-10-24,431835.0,390268.0,818050.0,80193.0,62715.0,100508.0,97208.0,60305.0,21154.0,2062236.0
2021-10-25,432271.0,391534.0,820123.0,80247.0,62883.0,100655.0,97426.0,60404.0,21182.0,2066725.0
2021-10-26,433449.0,392531.0,822358.0,80459.0,62954.0,101010.0,97925.0,60536.0,21234.0,2072456.0
2021-10-27,435254.0,393766.0,824684.0,80721.0,63053.0,101209.0,98201.0,60620.0,21258.0,2078766.0
2021-10-28,436843.0,394955.0,827027.0,81054.0,63130.0,101415.0,98646.0,60899.0,21318.0,2085287.0
2021-10-29,438275.0,396217.0,,81434.0,63178.0,101663.0,99028.0,,21371.0,
2021-10-30,439613.0,396869.0,,81817.0,63201.0,101766.0,99155.0,,21373.0,
2021-10-31,440225.0,397190.0,,81943.0,63225.0,101815.0,99256.0,,21377.0,
2021-11-01,440669.0,398067.0,833832.0,81987.0,63231.0,101973.0,99396.0,61029.0,21412.0,2101596.0
2021-11-02,441725.0,398559.0,,82146.0,,102018.0,99523.0,61064.0,21454.0,
2021-11-03,442276.0,400021.0,837163.0,82242.0,63342.0,102233.0,99727.0,61142.0,21484.0,2109630.0
2021-11-04,443548.0,400947.0,839753.0,82420.0,63393.0,102418.0,99991.0,61225.0,21523.0,2115218.0
2021-11-05,445006.0,402324.0,842762.0,82681.0,63460.0,102643.0,100274.0,61424.0,21547.0,2122121.0
2021-11-06,446692.0,403089.0,844364.0,82924.0,63490.0,102752.0,100447.0,61450.0,21549.0,2126757.0
2021-11-07,447265.0,403493.0,845712.0,83139.0,63515.0,102784.0,100539.0,61469.0,21569.0,2129485.0
2021-11-08,447758.0,404784.0,847095.0,83215.0,63612.0,102940.0,100881.0,61590.0,21604.0,2133479.0
2021-11-09,448887.0,406560.0,,83509.0,,103120.0,101277.0,61700.0,21651.0,
2021-11-10,450885.0,407886.0,850118.0,83763.0,63663.0,103216.0,101533.0,61757.0,21686.0,2144507.0
2021-11-11,452628.0,409143.0,851974.0,84005.0,63732.0,103441.0,101802.0,61875.0,21716.0,2150316.0
2021-11-12,454188.0,410187.0,853594.0,84258.0,63834.0,103633.0,101927.0,61982.0,21729.0,2155332.0
2021-11-13,455843.0,410780.0,,84551.0,,103746.0,102077.0,62041.0,21741.0,
2021-11-14,456628.0,411175.0,856444.0,84692.0,63909.0,103765.0,102428.0,62066.0,21748.0,2162855.0
2021-11-15,457100.0,412482.0,858317.0,84738.0,63913.0,104023.0,102539.0,62202.0,21797.0,2167111.0
2021-11-16,458800.0,413514.0,860395.0,84977.0,63971.0,104288.0,102755.0,62288.0,21845.0,2172833.0
2021-11-17,460665.0,414635.0,863384.0,85326.0,64125.0,104547.0,103055.0,62408.0,21937.0,2180082.0
2021-11-18,462627.0,415754.0,866205.0,85608.0,64192.0,104837.0,103296.0,62444.0,21972.0,2186935.0
2021-11-19,464379.0,416865.0,868894.0,85838.0,64261.0,105159.0,103563.0,62536.0,22026.0,2193521.0
2021-11-20,466267.0,417536.0,870934.0,86045.0,64279.0,105259.0,103773.0,62625.0,22056.0,2198774.0
2021-11-21,467558.0,417807.0,872194.0,86266.0,64284.0,105294.0,104010.0,62636.0,22070.0,2202119.0
2021-11-22,468111.0,418994.0,874771.0,86353.0,64379.0,105517.0,104263.0,62687.0,22122.0,2207197.0
2021-11-23,469804.0,420282.0,877677.0,86664.0,64433.0,105812.0,104551.0,62792.0,22199.0,2214214.0
2021-11-24,471644.0,421420.0,880530.0,86969.0,64477.0,106015.0,104879.0,62886.0,22245.0,2221065.0
2021-11-25,473386.0,422430.0,883461.0,87424.0,64580.0,106411.0,105173.0,62986.0,22312.0,2228163.0
