,Beni,Bolivia,Chuquisaca,Cochabamba,La Paz,Oruro,Pando,Potos√≠,Santa Cruz,Tarija
2020-05-08,1.0,0.4048140043763676,0.0,0.15384615384615385,0.1796875,0.125,0.0,0.0,0.4394904458598726,0.23076923076923078
2020-05-09,0.5,0.3406446739747643,0.05357142857142857,0.13127090301003344,0.11829903455284553,0.375,0.0,0.0,0.5127139729299364,0.3653846153846154
2020-05-10,0.42857142857142855,0.2912301060128178,0.047619047619047616,0.26398452357531643,0.11642470848123974,0.3,0.0,0.0,0.4340283354595349,0.3653846153846154
2020-05-11,0.5446428571428571,0.3295786021450216,0.03571428571428571,0.3368772815703762,0.09936672413201414,0.225,0.0,0.03571428571428571,0.39893701666420295,0.2435897435897436
2020-05-12,0.43571428571428567,0.30667015738295345,0.03571428571428571,0.3053992611537369,0.0853186220240579,0.22444444444444445,0.0,0.02857142857142857,0.3976111517929008,0.2167832167832168
2020-05-13,0.5297619047619048,0.3116731335922294,0.03571428571428571,0.29861703135360423,0.07488673047459371,0.18703703703703703,0.0,0.023809523809523808,0.3996582919828944,0.17342657342657344
2020-05-14,0.5969387755102041,0.3257028375503647,0.03571428571428571,0.2840186799357424,0.13561719754965176,0.19393090569561158,0.0,0.02040816326530612,0.39586263384466525,0.17342657342657344
2020-05-15,0.5969387755102041,0.3049701828858697,0.03571428571428571,0.28857127020261847,0.11530469754965175,0.17607376283846873,0.0,0.02040816326530612,0.39563664111211566,0.1272727272727273
2020-05-16,0.6012244897959185,0.31053410245172514,0.03392857142857143,0.3018279680796927,0.11163890196312445,0.10266106442577032,0.0,0.02040816326530612,0.3900783843935867,0.027272727272727292
2020-05-17,0.653809523809524,0.33046119765987486,0.03204225352112676,0.24218918719420415,0.10175350261048689,0.13837535014005603,0.0,0.04421768707482993,0.4177344500557037,0.027272727272727292
2020-05-18,0.6716666666666667,0.2986124243085321,0.03204225352112676,0.16922069631526554,0.11049382102701012,0.2812324929971989,0.0,0.06277056277056257,0.4589571874762773,0.034090909090909116
2020-05-19,0.8383333333333334,0.3073434099373958,0.02563380281690141,0.1620791567996253,0.13535079051383397,0.25662931839402425,0.0,0.06277056277056257,0.4347396328789758,2.7755575615628914e-17
2020-05-20,0.828170731707317,0.3385079895294461,0.04176966561272399,0.14114714763232203,0.14459427926551946,0.25662931839402425,0.0,0.10173160173160134,0.44706457422792106,0.02083333333333336
2020-05-21,0.7479702304541842,0.3284522929830648,0.035802570525191986,0.12234518240178538,0.0919010708346061,0.2468253968253968,0.0,0.1176046176046172,0.46092457574747586,0.041666666666666685
2020-05-22,0.7177769937392083,0.3622928322601076,0.035802570525191986,0.1340439464144327,0.09861636258510911,0.28764172335600907,0.0,0.1176046176046172,0.4716937095768768,0.07023809523809525
2020-05-23,0.8276229321145584,0.3780368264692132,0.037389872112493575,0.11478310775060895,0.09956333228207881,0.30351473922902494,0.0,0.1176046176046172,0.4460840560561926,0.08779761904761907
2020-05-24,0.7093910846696215,0.3935998552276396,0.033365727243278284,0.13117258891620956,0.10201016081586387,0.2642290249433107,0.14999999999999958,0.09974747474747435,0.46807942731967284,0.08779761904761907
2020-05-25,0.6277584316083971,0.4337741852784607,0.09459021703919566,0.15028620451170147,0.10557492627428602,0.14178004535147393,0.14999999999999958,0.0845959595959594,0.4831378280384509,0.07500000000000002
2020-05-26,0.587676211670062,0.480463271553739,0.09459021703919566,0.16607243267203034,0.08489040246476222,0.15051020408163265,0.11999999999999966,0.0845959595959594,0.5469912569655043,0.09375000000000003
2020-05-27,0.5570097236865009,0.46398601909755993,0.09573104604160407,0.16541118915364397,0.07750220128265004,0.29336734693877553,0.11999999999999966,0.04563492063492064,0.5595888992318085,0.0729166666666667
2020-05-28,0.5896851179713644,0.5088155858918161,0.09573104604160407,0.22220415723693462,0.07582440758136721,0.29963301109917656,0.09999999999999971,0.03640642303433002,0.5799466016547284,0.07051282051282054
2020-05-29,0.5992901707794992,0.48974294151347736,0.09573104604160407,0.25103017456539517,0.09989655128697436,0.34215001790189764,0.10854700854700827,0.10783499446290144,0.5768231927819769,0.04441391941391944
2020-05-30,0.6272986714770755,0.5488605520351587,0.07985803016858818,0.33062825232861054,0.1430567244471475,0.45326112901300875,0.13025641025640994,0.10783499446290144,0.6230593620533412,0.08886446886446889
2020-05-31,0.7634802469109874,0.5402046457684005,0.10241442114603165,0.36318236488272315,0.17501496228773833,0.4960100467619265,0.01282051282051283,0.24473975636766335,0.612017711674074,0.08886446886446889
2020-06-01,0.8189992286972503,0.5448273073429087,0.08630271330500162,0.4326030363771274,0.24373728474140408,0.5415359494306864,0.017094017094017106,0.292358803986711,0.5767074378483296,0.11535256410256411
2020-06-02,0.817362106031287,0.516080142089645,0.09928972629201462,0.4687674199387712,0.26697163466114726,0.6295590374537745,0.02564102564102566,0.3453541956917801,0.5397397286867428,0.09612713675213676
2020-06-03,0.8212224261899497,0.5241753334585123,0.09652920179235969,0.503565954737306,0.2807375183731226,0.5139127789503731,0.35042735042735046,0.3829481806541861,0.5417200440402681,0.10775504372888095
2020-06-04,0.8155760329792,0.4902403722618315,0.11240221766537555,0.5002640611731273,0.27644381751071884,0.549143713429428,0.5256410256410257,0.3964378905696803,0.5308649445991379,0.10935760783144505
2020-06-05,0.7983232005623273,0.49178013272927357,0.17833628359944148,0.480071857307454,0.2610906543550782,0.5036255061465148,1.0,0.37980383968905407,0.5112670833144025,0.1316829836050967
2020-06-06,0.7749198206015703,0.4415175735037806,0.18932529458845246,0.44665527100874897,0.24270031230276431,0.38549363801464664,0.875,0.4216156863789495,0.5041712597517664,0.1238239050143108
2020-06-07,0.7140278204572337,0.4365481522847655,0.166768903611009,0.4791228034762814,0.2158827671028662,0.36884362136462995,0.6644144144144144,0.29625125489206905,0.4927427602797475,0.1238239050143108
2020-06-08,0.7001414917321952,0.41306921977755884,0.18514818514818512,0.41990621361453023,0.15291398984837465,0.4140206665416751,0.4983108108108108,0.26946554060635475,0.5020511698589807,0.13018964575505154
2020-06-09,0.6992404712741415,0.42510739993800967,0.17216117216117216,0.4151704014814578,0.15164933689832844,0.3423826271617002,0.48652743652743646,0.23902653987872924,0.5242718332833478,0.1494204149858208
2020-06-10,0.6732626438986339,0.41808624275056255,0.24812489098203386,0.45065064862618726,0.16345130744670128,0.3593275869638029,0.3865274365274365,0.2289050823888507,0.5093829337983201,0.1406660712274674
2020-06-11,0.6402516548876448,0.43271734788657384,0.2612697322518751,0.4688901911132829,0.2935445818698726,0.33424337852314506,0.3830818068622946,0.2639855781273116,0.5175135461051635,0.13809757807678247
2020-06-12,0.6023507802520763,0.4449024344718152,0.23188051681614802,0.47545928339666094,0.29299126195035546,0.3461176934665137,0.3912928973904583,0.3163339147222236,0.5527055216876003,0.17602861255954108
2020-06-13,0.5585397332423089,0.45362554669241195,0.2572111184179361,0.4909970250799552,0.308911484480757,0.36067813302695334,0.34788630398386494,0.30204500381214466,0.5790567588689639,0.20354581080844666
2020-06-14,0.5546787293813049,0.471920988779105,0.2831851443919621,0.5264515705345006,0.34076262206497726,0.3459428682916886,0.3827343388318997,0.3247308638704537,0.5771789649498399,0.20354581080844666
2020-06-15,0.4790324708779036,0.48231134986310764,0.26952696794308795,0.5519053984745165,0.3455039125205535,0.2839389000377203,0.4827343388318997,0.30357137267671597,0.6010958386484354,0.2508485483285755
2020-06-16,0.4760601287730824,0.4980901219010844,0.2959005943167143,0.5585981577700155,0.348480102996744,0.28511548597751835,0.4719118280093889,0.3205754212597119,0.6291810201727703,0.3301026275826548
2020-06-17,0.48291371404397776,0.5279877793015414,0.23807746506501365,0.5599023805108012,0.4606673507772121,0.3225922948828987,0.5212315559005454,0.3329155401572078,0.664572955582912,0.3882619282140292
2020-06-18,0.4942360995236666,0.5358546758744136,0.27979469807472235,0.5521998117333854,0.46066735077721205,0.34555719406139007,0.5716453189667474,0.30800384653385776,0.6789144121178091,0.4055526435869364
2020-06-19,0.5200297503173175,0.5366002468433685,0.26859546969619913,0.5857547998852618,0.45812648368410613,0.33273411251460594,0.5406762879977165,0.22341738036844422,0.6824627379970865,0.35700191894925526
2020-06-20,0.53289242901086,0.5285598972215075,0.291712770556912,0.5912313339332245,0.46071191390428884,0.32321030299079645,0.5788381261595548,0.22258204270479726,0.6758017921741745,0.3407254418032129
2020-06-21,0.5477172268545258,0.5294852343555937,0.3514530302971718,0.551182743068307,0.4822049321642244,0.3505371428176363,0.6044791518005804,0.239546328419083,0.6765174630579126,0.3017591165525459
2020-06-22,0.5787074007018426,0.5253190916638514,0.3016191432539824,0.5847351263084154,0.4965254330918682,0.39581775506253425,0.6044791518005804,0.28810203450903565,0.6364073344796136,0.28723947470371153
2020-06-23,0.5669958282257551,0.5066378167233717,0.31318462695061366,0.5635054753331675,0.505837161735895,0.4754783427018453,0.6514321987536275,0.28187492828192945,0.6169736970335539,0.26093527043340564
2020-06-24,0.5491732714330521,0.5103375731744121,0.3208811362112522,0.6447968071969236,0.42978371877597726,0.5009885467834779,0.6735410422910425,0.3113263511759753,0.6487847362046706,0.2517480717697254
2020-06-25,0.5351952082976855,0.5186250738854195,0.3001981837020648,0.6298185376097473,0.3595541881147919,0.5108914345933425,0.7137196137196139,0.30959474944437365,0.6775065830049452,0.3056256227901336
2020-06-26,0.5024891151077214,0.5152637220753601,0.30781959454928215,0.6278344995162158,0.41415874131803865,0.5629975062240321,0.7586746586746588,0.334878084878085,0.643124161220072,0.3281279016360836
2020-06-27,0.49015975078522345,0.5306905632303646,0.28107033242948926,0.6409529198511309,0.42761165611624496,0.568949887176413,0.7282051282051283,0.3592981092981094,0.6454381698045802,0.36709510745297036
2020-06-28,0.49370229988033315,0.5448669878985924,0.23492680459582058,0.5862396059541436,0.44863206427951025,0.6149663706928966,0.7384615384615385,0.3637924913205814,0.6923528504965005,0.4416354538379769
2020-06-29,0.4743583845364178,0.5685294465358661,0.24727248360816625,0.5552256727662973,0.4744134975424706,0.6569422519544922,0.7884615384615384,0.43946912949721956,0.7488690782834466,0.4673469391181954
2020-06-30,0.441186471703488,0.5732346135017441,0.2504292639488675,0.5834768501603318,0.4719001176085572,0.6190349837840661,0.8076923076923077,0.4141303761096857,0.7531222845826887,0.46403007952086217
2020-07-01,0.4239950674056369,0.5460043244850111,0.24584941985649886,0.4819131077802629,0.46715730764107455,0.6190349837840661,0.7965811965811966,0.36205792748551296,0.7194464787476509,0.4727687270048528
2020-07-02,0.41276842484988047,0.5464653892953936,0.2241169801363425,0.5023038132497903,0.45748369060250205,0.6291929703516227,0.7553440831791347,0.47634364177122723,0.7143751146760445,0.4397688603915408
2020-07-03,0.4185470803981213,0.566539503263488,0.22560372868191456,0.5182582827040955,0.4489430069136687,0.6379649001761841,0.6796517754868271,0.4321040738991471,0.7762941315344029,0.45084577409217463
2020-07-04,0.4608211328762554,0.5631829798055475,0.22991095498252326,0.507477151114236,0.45131948187802157,0.6698389401147402,0.7026247484598,0.46534755997282184,0.7780669165822861,0.4320077361007568
2020-07-05,0.4328627502603932,0.5404155570942668,0.25469026145197055,0.5584575432710988,0.4192545993212252,0.6905241372705256,0.6905206237165,0.4311380896678459,0.7196387061591855,0.4116378620723462
2020-07-06,0.5019872482523611,0.5467907625121821,0.30356907223554325,0.5722442410200607,0.44053237818933244,0.6817115213150525,0.6501697465235176,0.3459574656941185,0.7054211885170103,0.4273611325125978
2020-07-07,0.5238068939850503,0.549372990364871,0.3087316852259449,0.570401876488041,0.4617710205780079,0.7210453931848095,0.6494542527805266,0.37958115907390944,0.7169215633148166,0.42072070506256587
2020-07-08,0.5834530045397315,0.5816756072159922,0.3082011784879892,0.5978860202512546,0.47525958119771605,0.733129174065583,0.6002892208365402,0.43013858712680025,0.7378093157299,0.45625742236982253
2020-07-09,0.5757174208547807,0.570447665189387,0.31384374471571047,0.6130238118948581,0.4745979448443177,0.7371830738029359,0.5615841784059101,0.39646511773904514,0.7578829189416766,0.4551548037679429
2020-07-10,0.5943165949417596,0.5818561278349303,0.3865328203459626,0.5919785351185084,0.4934773107777595,0.727732363694331,0.6619802230073877,0.3921361134100408,0.755809076553698,0.49599475085789
2020-07-11,0.5443746669510511,0.5860044513755192,0.38784439432653794,0.5976094369763737,0.5220432964811594,0.7516835664742215,0.6776853423882286,0.36947463791837665,0.759072046200186,0.48844322278397384
2020-07-12,0.5491465399262978,0.6104046312600698,0.3611466001868834,0.5951440605819135,0.5479600025612322,0.7164259851808347,0.7430476612288084,0.4095966994011976,0.7997083464482848,0.49532468132385027
2020-07-13,0.5272303035522301,0.6120337387323355,0.3499091287894592,0.5802123754810677,0.5593537073720692,0.6854000612977679,0.7356241234221599,0.4061622999007466,0.8089629051526056,0.47778082167472746
2020-07-14,0.5521289405432585,0.6162851918838433,0.32611328861430866,0.5782564206853563,0.5366325253427336,0.6640459213665528,0.8260869565217391,0.4536885831413156,0.8259526181639566,0.5483475533798565
2020-07-15,0.5055988971490042,0.5886055199039273,0.3199432444616991,0.5550587008806979,0.537930253925497,0.6294162506214539,0.8260869565217391,0.4476970417879321,0.8206348816394134,0.5135305992744669
2020-07-16,0.5381192223522563,0.616564943650122,0.3161855818552187,0.5275476964789372,0.5424436425971487,0.6091537694651178,0.8260869565217391,0.42747912411238737,0.7934650703186588,0.5525017312104229
2020-07-17,0.5288053654774238,0.6158048259147518,0.22942269822626246,0.5242118483155028,0.5299030585422858,0.6060420175179623,0.9130434782608696,0.5008557474890107,0.7770825489265325,0.5504851063518326
2020-07-18,0.5907840372121932,0.6255224112827841,0.25458154475607675,0.5258336048025287,0.531033327577216,0.5899961011642079,0.9052642796248934,0.514083260716524,0.7709670674639083,0.5987489952407214
2020-07-19,0.6188434330135245,0.6215964476271566,0.24234455693769355,0.5253381707045677,0.5234923954195888,0.5872174153191605,0.8848039215686274,0.510573625269206,0.7688001263180297,0.6261702351232762
2020-07-20,0.639917394513018,0.6302170676990315,0.287975302824422,0.5316234101846555,0.5144495723643657,0.5468147677736559,0.8636029411764705,0.5661799907347265,0.7918279418709878,0.6285094164098258
2020-07-21,0.6270909019757045,0.6287368318283854,0.37354362977205935,0.5405002003373364,0.5701700506311416,0.5337098602588105,0.8908823529411765,0.5523182142987393,0.7368505870506213,0.6004556338650253
2020-07-22,0.6407223087368823,0.6435763785363321,0.4570139494067626,0.5618280269930318,0.6041750617131397,0.5311592250266111,0.8983159392789374,0.5911968907693276,0.6806889364972685,0.6078317528916297
2020-07-23,0.655821031152678,0.6074422281047808,0.540645825849721,0.5807893428626631,0.6288304105783495,0.559783384187482,0.8526918577278109,0.5694140910204261,0.607526521904402,0.590110735170612
2020-07-24,0.6687247940564409,0.6026337796158467,0.5786704481309296,0.6019770709469431,0.6378015527252527,0.578683117994048,0.8333213976793848,0.5388585354648706,0.6519569116585328,0.5421447459310431
2020-07-25,0.6635841014157482,0.5824318827655457,0.6581076775681591,0.5969971086650006,0.635212526838455,0.582997965611798,0.8133634144861075,0.49520774181407695,0.5843052847877096,0.522392239665379
2020-07-26,0.600604070693782,0.5780440263607515,0.7561802399264358,0.5985767726394087,0.6475236075705884,0.5861777901732015,0.7993578122452112,0.506428429957842,0.5430001534388399,0.4960738579906381
2020-07-27,0.6223872520514313,0.5749389001222655,0.8253046638895695,0.5965637078489184,0.6956737226352016,0.632539813243299,0.7803101931975922,0.46048512595002195,0.48783768265845273,0.49452405171642244
2020-07-28,0.6412724180581326,0.5614041320336829,0.8689554575403632,0.5888936667143827,0.6748071649635888,0.6202425866603581,0.7803101931975922,0.5329503844548575,0.4776037676903765,0.4990349728940103
2020-07-29,0.6293676561533708,0.5564463512284444,0.9089554575403632,0.5879128471851761,0.6458717520681094,0.6300329893079037,0.7493482116307719,0.49165386584741455,0.4925095260633192,0.5250089988680363
2020-07-30,0.6133221074991263,0.5586908439574573,0.9493867243867243,0.575107090884505,0.6593071262177693,0.621610727273319,0.7737843018563358,0.4948284690220177,0.49627116497925483,0.5485058272429134
2020-07-31,0.5845854932361962,0.5402042972858269,0.9055555555555556,0.5600301247249405,0.6600772455862713,0.5175290946202578,0.7405231829573936,0.5069795363454989,0.4125030081607525,0.6039165274345921
2020-08-01,0.5556412232204977,0.5548584977721286,0.8384765451804557,0.5472154846171013,0.7114724975646137,0.6616346519409951,0.6976660401002508,0.5741564070937981,0.4124853476383778,0.6183038470850697
2020-08-02,0.5845936041728786,0.5403654600983839,0.786512370311253,0.5471737611021454,0.6885895759749251,0.6374472522620225,0.6024279448621555,0.6301727921424413,0.39739301750564593,0.6498565794852105
2020-08-03,0.49044768892604595,0.5272847924513231,0.7308732725668922,0.5740900100578681,0.660437160104819,0.6778199230694758,0.5548088972431079,0.6870852345387546,0.3672258677329755,0.6675249510492621
2020-08-04,0.4340622481517981,0.5406014674553083,0.6875345887787702,0.5521589570832649,0.7174814149509334,0.703412751293883,0.5452850877192983,0.6742008180993678,0.3677252439167718,0.6871246224754177
2020-08-05,0.4175491913161607,0.5300706580333404,0.6060172360749768,0.5253196916315825,0.7189976933086343,0.7335272361122005,0.5622078451943813,0.7558334711605923,0.33788811288971987,0.6808716162224114
2020-08-06,0.37709756482916207,0.5305860344034824,0.5458668601351272,0.5273717629410606,0.7283308204989043,0.7053691252568886,0.5673098860107079,0.7382042918292852,0.3441307399096401,0.6693627998355464
2020-08-07,0.34385998975941223,0.5269716812672065,0.537156058741399,0.5136213015161806,0.7371444088273175,0.768861188748952,0.5833966144597375,0.7158239476098605,0.32048518368062656,0.7165566773865668
2020-08-08,0.2946792597751108,0.5044467349909713,0.5410482559296856,0.4880634230534814,0.6898315930257556,0.641841581669375,0.6178121988753219,0.7198966293141211,0.3133060646532465,0.6984099592398486
2020-08-09,0.24985386294971398,0.5045360563209644,0.5716183659265627,0.4873922296546261,0.7061831700201898,0.6428535155098383,0.728923309986433,0.712444918362067,0.3010156193174448,0.6769219308637563
2020-08-10,0.2920950162917847,0.4936927731858261,0.5778932153537957,0.4507850867974832,0.6837940696448086,0.6318645045208273,0.7747108557739788,0.6866479880196822,0.3024617617727146,0.6524003518742455
2020-08-11,0.3357253550252163,0.4816650077698621,0.5644553423653609,0.4432414798159811,0.6579286990924068,0.6125164355532277,0.7321338249616538,0.6124169250093436,0.27799785830692053,0.627625798266285
2020-08-12,0.35393909213296254,0.47564615064216337,0.610078940582435,0.4408762014048198,0.6499884803397976,0.5695125844620852,0.7206406041661075,0.5263242097775557,0.265137698403466,0.6349696909263619
2020-08-13,0.37431147252872105,0.48192665376477173,0.6386295798534236,0.4248786252799902,0.6792607953263984,0.5878106444268119,0.7089248067360243,0.5907066358621095,0.24523638148528784,0.6437538515510134
2020-08-14,0.3464588220345611,0.48635230560655734,0.7179840233193653,0.42660637769173715,0.6619228566083333,0.5753389890980136,0.6905246022893083,0.6075693084744181,0.24362753814182628,0.6104205182176802
2020-08-15,0.35136953632027534,0.47892813953283425,0.7546562516146302,0.45347276972666845,0.6066417893282071,0.5461137520924563,0.6781328273975336,0.5765077187571531,0.22868270242478475,0.6296512874484493
2020-08-16,0.3196235045742436,0.478148330249395,0.7874356734220511,0.4825626314778205,0.5903270237180344,0.5549704348621826,0.6503550496197558,0.49929511962709705,0.23490713003860905,0.6614809630120198
2020-08-17,0.31914731409805314,0.4503502281091321,0.8104668078484615,0.46668961560480465,0.6408685399635218,0.4920678202354299,0.6558495551142612,0.42640198570848337,0.2231495476564294,0.698126925744939
2020-08-18,0.2932156370794196,0.4508001727729634,0.8076339093321098,0.45806819453877673,0.5792657086147319,0.4833636156620343,0.6815767690767692,0.46478826788696326,0.20825169015767503,0.7537913837926421
2020-08-19,0.34105412731422324,0.47328799744828803,0.7782629792648044,0.4408211254983946,0.5918343903150928,0.46401309211390007,0.6199191430019653,0.4586663194755163,0.23413635595059773,0.7981555295627913
2020-08-20,0.38421355409433966,0.43832288032856564,0.7967431824059686,0.41910993695793775,0.47645490518770856,0.47438724177376407,0.6188475469936604,0.43354191117353785,0.24282123130213976,0.8302057171782725
2020-08-21,0.5075218247710314,0.4397304957005231,0.699064822063977,0.39930544209954705,0.4848540521217451,0.5022879125315777,0.6437926019387152,0.46096127325093766,0.2405863815048354,0.8435697724778117
2020-08-22,0.5883760221200741,0.4341765754140065,0.6577517800369892,0.39339178154366294,0.4823799500365604,0.5011400045937943,0.6697279760883751,0.44780976612352685,0.25579923587735365,0.873247577665821
2020-08-23,0.6626617364057884,0.41653979167102273,0.5948819260215421,0.3210858360440758,0.4506742198271211,0.5435494470032366,0.643537499897899,0.4759055862570631,0.262319906302745,0.8618573285706538
2020-08-24,0.6359950697391217,0.4360961992099318,0.6212150399122597,0.33517931657354255,0.3831552921865601,0.5756292259291048,0.6517792581396572,0.4835304439476285,0.25731857840974903,0.884079550792876
2020-08-25,0.6398679232283435,0.42878601530400323,0.6161526805333536,0.3335204633459911,0.4166361610934379,0.5446088177658395,0.6277327164460568,0.44579072856768764,0.28105381963267495,0.8797852118934725
2020-08-26,0.6226416778914992,0.38896264952424425,0.6048867528424803,0.3261520422933596,0.36562070564425514,0.5429270308079789,0.6447742979048161,0.4783743325798631,0.26532321546440213,0.7932629728692652
2020-08-27,0.5839944007988439,0.39171032922752486,0.5465777149416057,0.34102203179369933,0.38027218026919274,0.50372468320227,0.611983460050687,0.4557602724537179,0.25972475986594656,0.7467106118394353
2020-08-28,0.6046861301221522,0.37372221988742804,0.5773326713066218,0.32526393798025766,0.33734545579528497,0.512361207967827,0.5552487661731361,0.4273458436111653,0.2648015004440857,0.7119646704521277
2020-08-29,0.5244033613445381,0.3588291449841207,0.5637614887013482,0.3413913901611987,0.36575348120360635,0.4786584757918124,0.5199269451370293,0.41093863970396144,0.2503384196652155,0.6828466272179823
2020-08-30,0.5317503001200483,0.34178950168158917,0.5577599282956428,0.3041405650698133,0.369504802801214,0.4109014266394144,0.5580221832322675,0.33847487158801937,0.27577840698089645,0.6743915406378959
2020-08-31,0.5247173330870814,0.3261053396454133,0.4897736976588098,0.29372798218676144,0.3272596413198877,0.33664184475788134,0.5937364689465533,0.3750445736629479,0.28684962526646907,0.616161490627024
2020-09-01,0.5356575582337438,0.31697863104564084,0.48207709127799286,0.28467484840968477,0.27676845255908805,0.33410216221819883,0.5758336556473205,0.3975759772731969,0.2887639644701937,0.5675591161819529
2020-09-02,0.4988982762076804,0.31390800356530807,0.48255426056297296,0.2911051031510157,0.27348276146382566,0.3755659862907185,0.54530862512229,0.37582530388317925,0.2787846872780771,0.5776194783549912
2020-09-03,0.5380297182581847,0.3181021732861882,0.4710600076894097,0.2620770863561173,0.2726064938914059,0.39640098695765197,0.5580070378207026,0.368578080037475,0.26762809894958484,0.6088297617503845
2020-09-04,0.4407829650114315,0.31340028492423516,0.4352125082092683,0.2535943889293205,0.32087641811035394,0.3721718074241825,0.5788076657641875,0.3358198518046215,0.2665201348221181,0.5879352250739253
2020-09-05,0.4773543935828601,0.30715539387696167,0.4470345981563582,0.19752029595284232,0.2781246131630229,0.3781287848097313,0.6090274459839679,0.3742050776898474,0.26869531874034325,0.6115791075768703
2020-09-06,0.49572174052163565,0.32736613861474556,0.4501757538398868,0.22022641719316552,0.2725526339148415,0.3806843687606641,0.6209322078887297,0.43134793483270456,0.23007733295254612,0.6004183932911561
2020-09-07,0.5126686490348092,0.32440353996524535,0.3975270638417992,0.18132894704204253,0.27563941524210256,0.3806843687606641,0.573313160269682,0.4348317031889941,0.22453496411299292,0.5958932182908375
2020-09-08,0.4797094897322059,0.3135203936754977,0.36449332403008505,0.19056709469515992,0.2738116729458603,0.3763355972886049,0.5940170940170942,0.422413131486104,0.21346891192409465,0.5997928874265581
2020-09-09,0.5122943747267295,0.32093954927325186,0.3625155545050089,0.17618611207029036,0.29858337072449775,0.3473191886485752,0.7039072039072041,0.43437271362435625,0.20465733944300868,0.6132086762773097
2020-09-10,0.4684476444990985,0.2995150976802437,0.3366176693152931,0.17975780959484577,0.27416283562371296,0.31909366114944,0.6245421245421248,0.4805327245372915,0.20532159524527008,0.5852517043713651
2020-09-11,0.494954471005925,0.3272212634840788,0.36041890090177403,0.1900532321116786,0.2133016545930908,0.2745622294774766,0.5476190476190478,0.5144836166776435,0.2012846136572681,0.6142433227679858
2020-09-12,0.4299920649908874,0.3581639088859573,0.3573838763943569,0.2225909010393439,0.2087134192989732,0.2702694778940846,0.4404761904761907,0.501141023773856,0.19230538258411864,0.6209297504383623
2020-09-13,0.4137359073554195,0.37669842195625225,0.3600871169661835,0.21808922294216018,0.2223140065507166,0.26913940229592387,0.3888888888888891,0.482078523773856,0.23638907666781275,0.6358107028193146
2020-09-14,0.39556799762124467,0.37892885686568517,0.42174431807292595,0.24811099025206307,0.22207097611659338,0.2947949176666292,0.33333333333333365,0.48403549490929737,0.23410623778766665,0.6555383364807659
2020-09-15,0.4217886124494545,0.3899742786736859,0.43060375225755865,0.25564910431191623,0.2401053451718438,0.2921229321179313,0.20000000000000034,0.4709282217507427,0.23267919131104736,0.6676504774745025
2020-09-16,0.3881803288411709,0.37793116714603825,0.4195193184840492,0.24227304953483217,0.2209700011608217,0.25452585850826015,0.10000000000000035,0.4598623522527528,0.2321434578919967,0.6865990595458534
2020-09-17,0.3796903349054523,0.3873810925843997,0.45351009600311054,0.2434754675480423,0.21296461689164126,0.248560318275955,0.10000000000000035,0.4402772742169705,0.22374178120163762,0.7089760398744268
2020-09-18,0.36595407116918854,0.3489983265729818,0.4340165769293525,0.23536254495965211,0.1959547404083488,0.25998310601453223,0.3000000000000004,0.41807526474602613,0.20813240800712512,0.7027618598141394
2020-09-19,0.4223450486127976,0.32022102769245775,0.40266006704523527,0.19790936143905286,0.19978099523460363,0.26276742813918413,0.3000000000000004,0.4047787983537367,0.21040124779690292,0.6745292609326625
2020-09-20,0.37431549196255126,0.2936874327640731,0.3858890298632392,0.19699978412498118,0.17248212469932347,0.25239845426361185,0.3000000000000004,0.4006608796345249,0.1661320249562515,0.6768479209548108
2020-09-21,0.3629776234818256,0.2862457470066456,0.3692364972905771,0.1835236181064423,0.15992194344755342,0.21781436746433516,0.3000000000000004,0.38598906496271024,0.15368865437334606,0.681152144169417
2020-09-22,0.34723912469247936,0.27929613235864703,0.3818405637604435,0.15566757584362034,0.13584512206657687,0.21265856436332656,0.40000000000000036,0.42988720717923806,0.1448821826584257,0.6735541049537307
2020-09-23,0.3408041182574729,0.2771681208916422,0.37233869849820955,0.16551052070461575,0.10269262055964498,0.2263784253964248,0.37500000000000044,0.4174850971958103,0.13795467143560744,0.6834262036970785
2020-09-24,0.3239973955683973,0.28483820981576036,0.3362867325854907,0.16360388725782019,0.11065045694517035,0.24187298226545573,0.6250000000000004,0.4030706827813959,0.1428486806521973,0.6979190286172597
2020-09-25,0.29060599022577244,0.31630954674682643,0.35038821144821036,0.16547193901652255,0.12914339258096313,0.24453302063977983,0.37500000000000044,0.42135635673477173,0.1833951274563498,0.6886273663516942
2020-09-26,0.24082244044222265,0.3233799901797328,0.3975782586382576,0.18193683005768477,0.11937924955595054,0.20726593989443823,0.5000000000000006,0.4320706424490574,0.19074506395201493,0.6786927258288183
2020-09-27,0.20510815472793695,0.3211441594094672,0.4179429090029079,0.18820249421808577,0.11530558748796492,0.2389115095146914,0.6250000000000004,0.4118255385201856,0.22469682647520603,0.6911826243652285
2020-09-28,0.18469999146263083,0.3184792376193605,0.3901840577146448,0.19173602834277323,0.10338448971781054,0.23957288517606704,0.6000000000000003,0.4351655787616343,0.22995560710344476,0.6949853575797265
2020-09-29,0.12900991882340565,0.32585884029542406,0.35528959909137264,0.20575590676943137,0.11360823239407179,0.2373194308678182,0.5500000000000004,0.37316041525044674,0.22863590008753523,0.7187873467298169
2020-09-30,0.16472420453769135,0.35141129005512595,0.3474491849761018,0.1928511869681598,0.11293733298899518,0.20907125216371245,0.5000000000000003,0.37621150103901974,0.22553950420652838,0.733474155867621
2020-10-01,0.16497319302197397,0.3437051591208106,0.34835065233323464,0.1885327427013729,0.11300885123329929,0.19479457375041168,0.38888888888888923,0.3592342753661419,0.21478052085858798,0.7378060228712243
2020-10-02,0.1719670828366485,0.3229609464551094,0.3199943583505229,0.18847509252265732,0.09547421195952958,0.18898242432923967,0.46666666666666706,0.3825413254589063,0.18231952208775162,0.7355806267839357
2020-10-03,0.18893209980166545,0.31441399591996405,0.29012032847649305,0.1580646232502026,0.09490063631349019,0.20285204984935062,0.38888888888888923,0.3687761432726715,0.17892726217375257,0.7275607986976623
2020-10-04,0.18893209980166545,0.3079421671098374,0.24581628417244872,0.1483975985455839,0.0934525049543362,0.15795409066567714,0.26666666666666705,0.417935361572929,0.1908052718045712,0.7032647256211014
2020-10-05,0.20021029529038725,0.2939860483881032,0.23232227067843522,0.13211741111316772,0.09880370203694282,0.15624229483623428,0.20833333333333381,0.3923975191336781,0.17873075052600537,0.6966809426826386
2020-10-06,0.20021029529038725,0.2840648301287446,0.23686967522583977,0.12887947258111151,0.0783955387716367,0.17821199180593128,0.20833333333333381,0.45553508682605043,0.1757683061137468,0.6906170487706434
2020-10-07,0.1363564556165629,0.2432170371775922,0.22904188657613367,0.13340956047833938,0.08244417086904929,0.19948858755061213,0.14583333333333381,0.44210817911553735,0.17881486388414178,0.6462692226836869
2020-10-08,0.11051148496284907,0.23643949276930978,0.27826164920098273,0.12395785900567112,0.07796132414524373,0.19054654919680908,0.08333333333333398,0.43306914462581364,0.19046658412481907,0.6237221967558781
2020-10-09,0.12225173886690478,0.21916045867670825,0.28091115233972375,0.10822656648866431,0.09226273455401561,0.1984332873187096,0.08333333333333398,0.3991972625396459,0.19648900778451392,0.6160827773517529
2020-10-10,0.16054002715519308,0.21453966986035916,0.2527210884353739,0.1116533103205254,0.09538894826988036,0.219604093065445,0.12500000000000097,0.39663591411363575,0.18766465548190078,0.6348185108478092
2020-10-11,0.20541182202698796,0.20389553371950608,0.23411041561909385,0.09124514705521929,0.09049228150897452,0.23116871891578514,0.12500000000000097,0.3818843613186047,0.13451680458124088,0.6108013356111217
2020-10-12,0.23987297490919346,0.20093116040330125,0.24818979418445236,0.09742791572919134,0.0774449573161395,0.2397588216235349,0.08333333333333398,0.3754086941286518,0.13275947273444486,0.5715469458821436
2020-10-13,0.2553768508781857,0.2008985130860725,0.28370381287604224,0.08354521979367428,0.08821593237282883,0.23190167876639206,9.71445146547012e-16,0.31852232169349887,0.1320389557273523,0.5454755173107151
2020-10-14,0.21889444360987345,0.2020018329845009,0.28949043132088853,0.0712690049599147,0.08024480730182838,0.22095942952627046,0.250000000000001,0.342305657645618,0.13844856678812614,0.5699373568410477
2020-10-15,0.223057857609353,0.19491378226269002,0.2298429359591084,0.0762681474740632,0.1231708931540001,0.20573180001292665,0.16666666666666732,0.34451239399869577,0.1304326537840896,0.5605681546147027
2020-10-16,0.255761345981446,0.1918813633751631,0.25498208252682564,0.08807479320928037,0.11133398315464683,0.20649167843237953,0.1250000000000005,0.34347454296084473,0.11497341881265952,0.5769475877438864
2020-10-17,0.2103068005269006,0.19116020251626778,0.3132026786076292,0.08562503591671584,0.1008507525579557,0.19823696145124745,0.1000000000000004,0.3834035580451393,0.10966596217776925,0.5624016772137759
2020-10-18,0.20048613907625581,0.18422616139439443,0.333968563879552,0.08562503591671584,0.10279425085489016,0.24177437641723384,0.1000000000000004,0.36554641518799647,0.11491970686813367,0.5719602059076543
2020-10-19,0.1616390212817696,0.18711037445280104,0.30495133346647024,0.13367549775699267,0.1063608596846569,0.24812358276644017,0.1250000000000005,0.35418277882436006,0.11672679330771761,0.5920259384798736
2020-10-20,0.1955178613621601,0.1773558347932033,0.2672181746916626,0.1598805057949208,0.10319766146651364,0.24390589569161025,0.1800000000000004,0.37251438682988114,0.11824391148315856,0.5680858800003415
2020-10-21,0.22726389310819184,0.17294464777244434,0.26481501489343284,0.17473159673296826,0.11388072641806479,0.23181798360369818,0.0800000000000004,0.33804815415285727,0.10991013999149232,0.5205701695251844
2020-10-22,0.24383309388791893,0.16921072753073,0.27678944321897997,0.16505607985227924,0.06668133452296289,0.25273635095063696,0.0800000000000004,0.3160701321748353,0.11303774578164023,0.5368747372316213
2020-10-23,0.16195809388791893,0.16608766365098898,0.36250372893326566,0.14049275151837204,0.06656078172603408,0.23014159876404805,0.1000000000000005,0.3131397292444324,0.11357684083293039,0.5358519435437196
2020-10-24,0.17332173025155528,0.16319830271988475,0.4262682905519058,0.13866226372727367,0.07459997224500896,0.23907017019261947,0.1000000000000005,0.28239438762952557,0.12145202198676468,0.5220037845342702
2020-10-25,0.17332173025155528,0.16282909809634633,0.42341645670998646,0.1617726410151526,0.07443168903967287,0.17331053300441088,0.4800000000000004,0.3419181971533351,0.11746811856624154,0.5605270534103268
2020-10-26,0.16454980042699388,0.15489805972134504,0.42880064383163125,0.10424766518531052,0.0757636903716742,0.14727878697266483,0.40000000000000036,0.3300968958250805,0.11683425371939811,0.559007296571421
2020-10-27,0.11516708437761118,0.15300242323382232,0.424539666094525,0.06921459965544223,0.08421349935815581,0.16088422914953557,0.3333333333333337,0.2965144134585156,0.11415981334604622,0.5818254178239194
2020-10-28,0.11172293942403323,0.1618981870405403,0.4371457225199923,0.06998308068708116,0.08026093018819534,0.160056289965432,0.3333333333333337,0.278874457043049,0.11428959370689205,0.6264670639846214
2020-10-29,0.07663522012578762,0.16516532428995304,0.4231304778679146,0.08783276357037462,0.08606039681240422,0.14952385917133215,0.3750000000000004,0.28905123678504613,0.10916617165151078,0.596023179958183
2020-10-30,0.06996855345912097,0.16198601102162055,0.313886780388923,0.10187096534091838,0.09553825825754265,0.16361520999737686,0.3690476190476194,0.2604798082136176,0.10335467545539921,0.5837814330278102
2020-10-31,0.028301886792454295,0.15546841882153423,0.1999871664893091,0.09691433584897291,0.09281260340924628,0.14417578865922134,0.3690476190476194,0.2768063388258625,0.09456644471594897,0.6110122667102569
2020-11-01,0.024258760107817967,0.1557863501483676,0.19307878027057804,0.08306943072769106,0.10069344471585343,0.14219166167509437,0.09722222222222261,0.18156824358776724,0.10723725216936511,0.5495043302023203
2020-11-02,0.024258760107817967,0.14545358202628256,0.19845018657711,0.2111482484616812,0.09203543605784478,0.13647737596080864,0.09722222222222261,0.299140936381699,0.1135623157920639,0.557755051902707
2020-11-03,0.16981132075472324,0.12908011869436084,0.19940035048038332,0.20422877586715144,0.08998345247371345,0.09566104943019639,0.2638888888888893,0.30488603873697084,0.10484033584706236,0.5210461911432134
2020-11-04,0.1561345712289163,0.11779355659177525,0.16924516914179286,0.20914218934434725,0.08271072520098618,0.0825190875476247,0.2972222222222226,0.319027452878385,0.10251431644787223,0.46679688970519795
2020-11-05,0.16671658181092688,0.11397838066977592,0.16414312832546635,0.21709546971870802,0.0864937543911815,0.06677293461907884,0.2555555555555559,0.31454962534696795,0.10174984239435493,0.4283629409756325
2020-11-06,0.187124745076233,0.11318355235269092,0.14603355891630732,0.2105237905806572,0.07585467304583057,0.06373787444116151,0.2555555555555559,0.3240734348707775,0.10774664578862168,0.41259432642128563
2020-11-07,0.2183122025889385,0.10816013136743872,0.1250125378952863,0.21955993515897068,0.07076080857696611,0.054789017391038634,0.2833333333333337,0.30536595187758026,0.10928132964374752,0.35384793250573354
2020-11-08,0.2619746431067262,0.10465374243648559,0.129731542614291,0.22214169075277432,0.0580844680218488,0.08322817083019207,0.2428571428571432,0.4482230947347231,0.08606107164088084,0.35239529678465803
2020-11-09,0.2791175002495833,0.11461245421426579,0.11499444878115196,0.08444805908323917,0.0611900580839606,0.10807289132708649,0.2833333333333337,0.3253659518775803,0.08353301015842558,0.3597547013435369
2020-11-10,0.09417989417989492,0.11798872786384697,0.10361478170694902,0.08989252245896137,0.07080650308715873,0.12049525157553369,0.11666666666666707,0.31705426356589195,0.08707963202565813,0.3750986166874522
2020-11-11,0.1056613756613764,0.1135573969494336,0.09498102517403283,0.07608322004912638,0.06957987631079374,0.14179115996821628,0.11666666666666707,0.3317728782845067,0.08407259137155865,0.3816926307441528
2020-11-12,0.08714285714285788,0.10719878332735255,0.08506573830456807,0.07424205809938632,0.05616162554507835,0.14950501853072495,0.11666666666666707,0.35430194805194853,0.08640607803633171,0.3836039457288623
2020-11-13,0.0722619047619055,0.10969442413732708,0.08583672671170602,0.09230688339392494,0.07276657354381773,0.13104348006918648,0.10873015873015912,0.4379754174397036,0.08271233659725823,0.38086217105289016
2020-11-14,0.0578095238095244,0.11238076275949915,0.11571534482561743,0.08577700447977189,0.08004090317858424,0.13492195453589623,0.10873015873015912,0.474100212185188,0.07975934143788953,0.3698823705332355
2020-11-15,0.0578095238095244,0.11407378296526961,0.10413738030647732,0.10803996938286263,0.088928333564562,0.1218979415118832,0.13047619047619094,0.386450247549386,0.0854648941633098,0.3698823705332355
2020-11-16,0.05083333333333407,0.11845643419764264,0.10464573179522081,0.14592929576864044,0.10951612329339099,0.11292623688800467,0.13047619047619094,0.4186724697716082,0.0792976964601547,0.3524015276213581
2020-11-17,0.06566666666666725,0.11967929534007482,0.10240307649134102,0.14640179872178388,0.1006724011724492,0.10747251775454005,0.14714285714285763,0.40482631592545437,0.08329883273450453,0.32594650116633167
2020-11-18,0.07803030303030363,0.11522172091279466,0.10312457721284173,0.13934872433703868,0.10994621012443673,0.09340325368527598,0.10714285714285761,0.4251855185044846,0.0793724962424609,0.3054090464183506
2020-11-19,0.0885566188197773,0.12118539547128195,0.1107207546203399,0.13970857507095427,0.12015427344926914,0.09384230752425297,0.13214285714285762,0.3992215881562259,0.07631263207016308,0.31176497862174046
2020-11-20,0.07188995215311064,0.10573862358328401,0.10337446167278112,0.11912028202404397,0.09819239830030164,0.10365597212052627,0.07500000000000047,0.2563644452990831,0.07570018719020229,0.3291446577661255
2020-11-21,0.07188995215311064,0.10042091861609669,0.0823660583114374,0.13038337952683707,0.0899741276562956,0.10230370707657767,0.041666666666667136,0.16543885546242246,0.07945948284981798,0.3438131062833712
2020-11-22,0.07188995215311064,0.10207540064739269,0.08083153145721658,0.10777080188708553,0.08387656668068585,0.1557064446898416,0.041666666666667136,0.19071124134063658,0.0801475365180041,0.3438131062833712
2020-11-23,0.05990829346092554,0.08945932985825499,0.08385051682914331,0.07533931322501175,0.06248733435518287,0.13983342881682573,0.041666666666667136,0.1370936702812051,0.0851897265720486,0.3829212934178741
2020-11-24,0.052963849016481095,0.08827913750159204,0.08435199947348308,0.08118664530987074,0.05251670153972247,0.1409510410711154,0.030714285714286183,0.13528637331972307,0.08303706063691067,0.39188186689457666
2020-11-25,0.06154970760233968,0.09356312097165091,0.08594474634924884,0.09240879779596375,0.0467472416418222,0.14028107611543614,0.05571428571428618,0.15287788660149618,0.0897460695199446,0.3638382730615091
2020-11-26,0.05277777777777828,0.0863767296881602,0.07965416193366441,0.09753708545213245,0.03650132868097711,0.13777481045127576,0.09738095238095283,0.1435930040235047,0.09425443024128231,0.35503136046596245
2020-11-27,0.06944444444444493,0.08999639686149626,0.08716048304618021,0.10953278748191604,0.03940947926293605,0.13415162204547865,0.10690476190476236,0.1640011672888108,0.09228491299681599,0.28373011269412646
2020-11-28,0.06944444444444493,0.09183470857080282,0.09565137940472364,0.1010544296059678,0.043159024221072206,0.12922551367109442,0.11431216931216977,0.1506986803021133,0.09391218260969712,0.3226588263540229
2020-11-29,0.06944444444444493,0.08410566305022031,0.09154568406837242,0.09882228674882496,0.03873208234165885,0.058228348627337466,0.11431216931216977,0.15302156067377415,0.13534693833016714,0.3226588263540229
2020-11-30,0.0861111111111116,0.08899678512794307,0.11001936355900108,0.09921819821210007,0.03975019401243368,0.06754511881367288,0.2619268077601415,0.19337723782835692,0.13081631129138496,0.2904950836639644
2020-12-01,0.07222222222222272,0.08886696981452005,0.10559323413287165,0.09389660206090557,0.038221190229331535,0.06354049809746186,0.2723164181497519,0.1916593462426239,0.1301041733477267,0.29416077281352454
2020-12-02,0.14444444444444493,0.09169915163829852,0.10916878834377433,0.0919400377877692,0.037517811974932876,0.06386869955348286,0.27529260862594235,0.20141730438193703,0.13886976601921894,0.321577800230552
2020-12-03,0.16527777777777827,0.10162604003919255,0.11334192498973707,0.06862495608273748,0.05047996294613362,0.07514689504220466,0.2197370530703868,0.22647275496930255,0.14299233019531274,0.3180763996703279
2020-12-04,0.17133838383838432,0.10607921386555122,0.10652241706403445,0.06306163965992544,0.049326920595848964,0.08628360779182064,0.2673561006894344,0.23418803620374756,0.15014534318931255,0.3651352231997396
2020-12-05,0.1852272727272732,0.11312527704120844,0.09457593286287735,0.06509664169492747,0.049889772378212946,0.0985692033761283,0.3167388167388171,0.31471503608558615,0.1579012757510165,0.3107744107744111
2020-12-06,0.1852272727272732,0.11758828445201784,0.10140990358089685,0.10591296822553972,0.06408002786709376,0.1110726765631247,0.3167388167388171,0.2855291681900408,0.14812236418639066,0.3107744107744111
2020-12-07,0.16856060606060652,0.11791523119641886,0.09491060448570124,0.11303629742011387,0.06329369434372982,0.11961304923393215,0.18008658008658052,0.29479441274940305,0.151977640278268,0.3218855218855222
2020-12-08,0.18138111888111932,0.12480077791894284,0.11681335926516835,0.12328998529349174,0.06863569547431207,0.13546497139814667,0.16190476190476233,0.3329907723743341,0.1644173987903685,0.28703703703703737
2020-12-09,0.09407953157953203,0.12361740545901956,0.1144973460775168,0.12190116291908437,0.07441326782729507,0.14944309853416854,0.19333333333333375,0.3577432476218589,0.16628948518040534,0.25696184906711256
2020-12-10,0.08366286491286536,0.12662378538601402,0.11893390330910507,0.1303362083626956,0.07186364534418684,0.14125857472464473,0.2766666666666671,0.3706446507671645,0.17983921257283336,0.25411141311808505
2020-12-11,0.060935592185592635,0.14544295609649635,0.13172748227915462,0.14002135748248828,0.0912068752137325,0.12964567149883827,0.32666666666666716,0.35952800898850185,0.19900105233884816,0.2362252342562964
2020-12-12,0.062198218448218906,0.16315537319113496,0.12834312484133056,0.15262890497375586,0.10744564617596619,0.13624349134967018,0.3028571428571433,0.3161994428568211,0.21559513917955012,0.24304784634206636
2020-12-13,0.05331275866990192,0.1685427555894814,0.13628533839102075,0.11305842561922338,0.1115736559670246,0.1496244012515435,0.30793650793650834,0.3472168125838683,0.2156558777606969,0.23430075141008286
2020-12-14,0.09412908520051418,0.18667283645094307,0.13753847122310095,0.10904656446450509,0.1164153292810706,0.1603386869658292,0.2818027210884357,0.315934761301817,0.24594731164842218,0.19396461695630135
2020-12-15,0.12395640074211542,0.19388694221062175,0.13178623259415,0.1005824527472109,0.1454195661397136,0.16846635663834936,0.3022108843537418,0.31397243791092216,0.2516798905644436,0.23489125788294227
2020-12-16,0.12259585652442835,0.21387804519577155,0.13084379954616446,0.11074320494617965,0.1677351145146706,0.17366116183315455,0.29903628117913866,0.3199248188633031,0.26474428841023084,0.29777574182005784
2020-12-17,0.14938157081014264,0.22539484608929292,0.12546892232254775,0.104021382164565,0.18577740010997504,0.18044512541858873,0.3140466331460124,0.27995300662511646,0.2788151533018296,0.3172257753545984
2020-12-18,0.16468769325912222,0.23069690242091703,0.11878013951919242,0.11876270684338233,0.19851164653987366,0.25405056759545946,0.2817337079759444,0.29395091348016616,0.28883753581564475,0.3366384184606213
2020-12-19,0.16360544217687115,0.24537764977181634,0.14123623497359297,0.12484071271974852,0.2117696302813506,0.27457601915539376,0.318790636010316,0.28509256070166816,0.2950598392390828,0.3363820958358776
2020-12-20,0.19087301587301633,0.2531921973685021,0.16695283840683958,0.1305919500917737,0.21785185185436973,0.2746586432981683,0.34600152036405746,0.2749156797929719,0.3158324339912694,0.36214274817216024
2020-12-21,0.14325396825396872,0.2539895719638479,0.15002089368947544,0.18410170564234557,0.25579444997181,0.28037292901245403,0.47100152036405746,0.3071379020151941,0.31564685404572806,0.42586823836823867
2020-12-22,0.18335421888053513,0.28386361866634496,0.14900860932093227,0.20925115936322786,0.2591285644170355,0.305372929012454,0.49651172444569014,0.26961731862305105,0.35649812606138365,0.4670093795093799
2020-12-23,0.22779866332497956,0.30995778760994586,0.16787653384923415,0.21580500041184242,0.2845171954024959,0.3297115533510783,0.5150302429642087,0.19556372963583377,0.37000508354602146,0.4686928811928816
2020-12-24,0.2527986633249795,0.3384713155437121,0.2023404051610522,0.246868180858364,0.3134822026029632,0.3456301158980483,0.5009356419130859,0.2305630838912903,0.37903071136077987,0.5444504569504572
2020-12-25,0.28192982456140403,0.32659604311345153,0.23926014827305928,0.24884832882175928,0.3165186892212845,0.28559610229260607,0.523274307108894,0.22263214621582708,0.3930885738670887,0.567626262626263
2020-12-26,0.3315789473684217,0.32139790036421545,0.21825316251958168,0.27235298895908006,0.3319486761428224,0.2769754126374337,0.5627479913194202,0.24062972637311686,0.4230283804212987,0.5802886002886007
2020-12-27,0.3315789473684217,0.3509764060443027,0.1900945566443326,0.3015877884689461,0.3633487575429038,0.28363377890171126,0.5695507124078556,0.24062972637311686,0.41297322841699413,0.4908202103854282
2020-12-28,0.5565789473684217,0.3620643164297336,0.20968642091534928,0.27572828024517143,0.3738321319271402,0.2883091035770359,0.521931664788808,0.21840750415089463,0.44484562114542997,0.4601184559994633
2020-12-29,0.5347560975609763,0.37677038578932287,0.23420743996428925,0.2963200396762166,0.3848380751364733,0.30270819654755743,0.5696093565551696,0.25508463275221444,0.4290058124185919,0.40595178933279663
2020-12-30,0.6567187143834062,0.37218550872922573,0.24947226966127298,0.3096373049648738,0.38104248360142995,0.3110226334334229,0.585299923969875,0.2872475407358475,0.4400375747842631,0.42635354702268985
2020-12-31,0.7274504217004795,0.3903235646329103,0.2812263560338581,0.3081177134000149,0.38396535321280273,0.32167469913775343,0.5826834927820153,0.2976775109359327,0.4459690488288831,0.3772321965314764
2021-01-01,0.6851861438119965,0.4024580324506637,0.2624821139227781,0.3616454101930179,0.40249089446085706,0.356198508661563,0.5829174930160156,0.2991981922011395,0.47608478998521747,0.43258558022025706
2021-01-02,0.6851861438119965,0.4062923959685038,0.2854262330042093,0.35000485836164424,0.414400005696112,0.35013381863460885,0.5414117015102241,0.2655364516428472,0.4641020028286468,0.48965166684299394
2021-01-03,0.6851861438119965,0.4118103818954202,0.2909647952438024,0.36172855229458695,0.4003012892864713,0.3646223726769154,0.5142008171564826,0.31490426013831346,0.48548857006103907,0.5640139011718986
2021-01-04,0.6741516610533759,0.42545835750267674,0.3214059209863171,0.36673320228434125,0.4369346926478158,0.37464092555261114,0.5142008171564826,0.35126789650194984,0.45846476243703677,0.6078735502947057
2021-01-05,0.7189783619519639,0.40852055053612707,0.31706849119151087,0.35815352041159215,0.45025028080226764,0.35616019992902836,0.49203332947175354,0.3648334368588662,0.4576420963147802,0.6165723807040625
2021-01-06,0.7025593476307106,0.41040171405091824,0.32261262467045954,0.37161574740765374,0.46312216891015134,0.37464585506064624,0.48676915483638217,0.38538885766895586,0.44998016225639115,0.600151239144318
2021-01-07,0.7173758509359305,0.3811722570891178,0.2915064776229147,0.38388196519384415,0.46815850377230894,0.3749709408471732,0.4985430951817511,0.3863010999605085,0.4449176398451611,0.5852434089396841
2021-01-08,0.8112088680137294,0.40590537298270984,0.33003296408897037,0.34496480929038686,0.4794592545719208,0.37031941136120666,0.5034669245330614,0.3929975285319371,0.4081750102585951,0.5411257618808606
2021-01-09,0.7933543287869513,0.4261184171534595,0.3599137485538634,0.3520462535708932,0.4737768631285189,0.41606664107070046,0.4917981128642497,0.4205719170659767,0.40931203139574274,0.5476625698127725
2021-01-10,0.822875138960244,0.41758619185879603,0.3647997722105542,0.35674791595053046,0.4932195544330932,0.4109177607093074,0.49451920129962385,0.36427808170237386,0.39923911956901553,0.5476625698127725
2021-01-11,0.8328845719337269,0.4229629495216045,0.3744183418361679,0.36184773016267774,0.46799488123047883,0.42146197839638216,0.5008684076488302,0.3577371773512505,0.40481369957086416,0.5424411830124384
2021-01-12,0.877433444114178,0.42598947729122655,0.38429325954518706,0.35007089461419383,0.46726457345791755,0.4455720875563252,0.4931463999268225,0.3514612023711909,0.41043581291230746,0.529932607103392
2021-01-13,0.8813731494927322,0.4220181494637786,0.3983599031517822,0.33734580457817936,0.4530842960725351,0.4137661342455555,0.4943602187877002,0.3465739843260781,0.4105813589762209,0.55100645720418
2021-01-14,0.8858663198737531,0.4260505292716338,0.4232617391929098,0.33207680365014136,0.44942238257594996,0.4333160254768627,0.4838764496832414,0.3503977467705302,0.40454849568916046,0.5967168568693818
2021-01-15,0.8675589969445813,0.4189419178369366,0.4068534658635183,0.3372234027872027,0.43449098814569453,0.43282686232213663,0.47139728258791413,0.34788407238185576,0.40843722170849567,0.6082553184078434
2021-01-16,0.8555473351370012,0.4056032864699039,0.42058432188157,0.3370959368472156,0.4335523636538027,0.4132069293555901,0.4779880348308403,0.3552493141501989,0.4066871044506394,0.5476955219701845
2021-01-17,0.8269759065655726,0.4198343408331536,0.4313381642433603,0.3191087048308835,0.43632535897261354,0.4343265959372305,0.4751711334223896,0.3816789701650863,0.41266412999139457,0.529603680485722
2021-01-18,0.7673274608988898,0.4272554239539144,0.4239076649678378,0.3082966934591707,0.4262559145281691,0.4448027864134209,0.4397859224274225,0.3828086191049542,0.4572661061728332,0.5040419406382679
2021-01-19,0.7199145381326103,0.4231312288390357,0.43053036426969493,0.32731910026718464,0.4044565793459343,0.4418429555466133,0.44564457611216307,0.4154416213411599,0.44881319916889134,0.5243509878696363
2021-01-20,0.680566167205292,0.43901024460567506,0.43524061447147055,0.3272975446836253,0.3969411079359254,0.47278573298453097,0.42762403456220976,0.43543375042419813,0.5060213808640771,0.4966535088780398
2021-01-21,0.6639774367867742,0.4349252043401016,0.4190898087811605,0.325852295859137,0.38519658718616906,0.45691573824129683,0.40545654687748073,0.44522396021440797,0.510869279515312,0.4675260763607767
2021-01-22,0.6041850987989477,0.4301014277216148,0.4237716947645253,0.3060534668159183,0.3615631891166807,0.46843520015474155,0.3768337770148187,0.4647674797579276,0.5109119441999118,0.4608005234326921
2021-01-23,0.5824829711393731,0.4219282853908218,0.39341909570963624,0.3061645793832054,0.3676276196179145,0.4795660834929979,0.3463499587735634,0.4727108254307451,0.49796324361956806,0.4799786056244729
2021-01-24,0.532379451470636,0.3967546756793026,0.41239804094226873,0.2866354654633059,0.35045590577712504,0.48159117486907216,0.36005121392351075,0.5027734174778733,0.46956262505517365,0.47125680111319473
2021-01-25,0.4831205765459016,0.39164002294833844,0.40428699909787824,0.30640800156312364,0.35202864496454317,0.48794585467202783,0.32876975825181115,0.5003924650969209,0.42066928512950585,0.4771070419031946
2021-01-26,0.4516373954160774,0.38179915221299876,0.40198777142689013,0.2858831563298531,0.3534480299618138,0.5063253013123441,0.2834392347380578,0.4631908607311374,0.40971723404097776,0.4581211349246931
2021-01-27,0.45880614865308916,0.3580700666440513,0.3675327023024662,0.28018873731064364,0.36659432097569283,0.5023912242437227,0.26087840317651756,0.4258388763135604,0.3443943406704952,0.43505735000112955
2021-01-28,0.42367395848276174,0.3488982312807954,0.3506277138337883,0.2690309300243502,0.3547363191721195,0.5126209358466738,0.2548604254201822,0.39710746279953807,0.34174777074579643,0.41727877658345847
2021-01-29,0.4255334459110098,0.3404909075546559,0.3342928351863926,0.26564018294359937,0.37289194396456643,0.50437535301045,0.24473277885593855,0.3790916033202639,0.3301998006830342,0.395962404439915
2021-01-30,0.41857197910053817,0.3350671013537247,0.33892831769798126,0.2540945992885237,0.35174430724604483,0.49986494998411507,0.2432290194574423,0.3678764668946766,0.3289632162065664,0.3661130657937452
2021-01-31,0.4137304438242203,0.34853654126387335,0.3144803459166762,0.277138790209101,0.35493795503416,0.4929635403864734,0.20948752285880287,0.32190470609733446,0.33794760573423765,0.3603987800794595
2021-02-01,0.41791270224376686,0.32513909314182193,0.29642253038760874,0.2462771888535513,0.34376769262692763,0.46541838439304156,0.20446722016408156,0.3212134618577031,0.3266370266967401,0.3441027726860576
2021-02-02,0.4100187889281668,0.32208774761830344,0.2771221002313941,0.24007995890743938,0.3438337821778711,0.4339453149576101,0.21218741350457562,0.3436698786803171,0.3265181206065852,0.33533084286149617
2021-02-03,0.3652191486576203,0.3135814169092815,0.2868294322444447,0.23166795816104718,0.32344664725603206,0.4160794028373191,0.2358375696848523,0.33870312445420386,0.3222003617396302,0.3360759464663784
2021-02-04,0.342630232741507,0.30391672139369375,0.2926803813384913,0.2309366971840739,0.31056980057475686,0.4183860623432268,0.23637231966731953,0.3301546280425763,0.3087286801063041,0.3300856961152258
2021-02-05,0.3327091901514691,0.29460909928088663,0.2878853054133844,0.22281871977893775,0.29671981166689326,0.4109546302926633,0.26932596410059034,0.3204430282591214,0.2986173173268552,0.3279293880474442
2021-02-06,0.30758396474573874,0.2809461789685836,0.2696209230659993,0.2161180169364205,0.28500026532970424,0.40663688284320304,0.2943259641005903,0.2909829319651221,0.28145673021765993,0.35566929014190746
2021-02-07,0.2790125361743102,0.2671501175599325,0.2597744787614052,0.19187021381148897,0.2685243277245095,0.3926890346864898,0.30493820899854945,0.2815307248384964,0.2677685519552373,0.38138357585619315
2021-02-08,0.27824859423389764,0.26359097796963943,0.27481132858731844,0.18780950948196742,0.2658769529851401,0.42227672342052,0.28746023702108303,0.24877737628774055,0.26306779097520855,0.3967729585143224
2021-02-09,0.256422792236562,0.2537109933104881,0.272602197512208,0.18161352218311008,0.25445146348991327,0.4245811354264245,0.3009598952575834,0.2008415528782281,0.25583132938026126,0.39530775704912097
2021-02-10,0.2570131613085262,0.24394594258225402,0.2619414367982218,0.1759943581701972,0.2487617200644407,0.42752398779247786,0.2886342579319461,0.2026929497665423,0.23846173627344885,0.40476085669209405
2021-02-11,0.24320589103966145,0.23891994027181557,0.25519110718346466,0.16834718889586106,0.24849869401233646,0.4105378411070831,0.2783356940619536,0.19511985145907262,0.23144576842090755,0.41061324185482395
2021-02-12,0.22095581807453016,0.23104120286966862,0.2584343236619753,0.1579631143174131,0.2455942303684559,0.4038958123062675,0.2415488879890479,0.18415119713175354,0.22588434779165656,0.4092165505816296
2021-02-13,0.21630713795030657,0.22766686075161605,0.2616513417032532,0.15381506000575446,0.24050368383145596,0.4035461283051126,0.20995548139564127,0.19769652841290275,0.22216050522509703,0.3923358748663674
2021-02-14,0.25356511806542953,0.22426373936427021,0.2648256912632137,0.1793410769075967,0.2446219284405274,0.37978076848160425,0.1836910625846386,0.21505304576942008,0.20819116114791128,0.37552915217729177
2021-02-15,0.2283550340318161,0.21058874772800626,0.24353059753546552,0.18199084649285016,0.23700619922201074,0.3354595716654421,0.1712687023361914,0.24923302768078578,0.18276599037654817,0.3832221059019915
2021-02-16,0.24313968440968678,0.20991881590680742,0.24234606345220494,0.180267834055552,0.28000319781820904,0.3366515999761145,0.18463768629341065,0.2629803570212642,0.16298085263408604,0.37433534049348693
2021-02-17,0.2224589762289786,0.20600090835748858,0.24638422460786485,0.18035911107268796,0.2743538680014836,0.3378862575402077,0.16405327070899503,0.2555549738258605,0.16012095798828055,0.3710635595318325
2021-02-18,0.22795942429918656,0.19588642348825983,0.2492945744532956,0.1748645106019339,0.26492828720589,0.33446424096029637,0.15743951409523843,0.24285664423168996,0.14618611099695514,0.3612356277314399
2021-02-19,0.22003443524212205,0.1916339974004013,0.254901550771569,0.1802200856677811,0.25452912106718406,0.33483674980738154,0.1498583721857383,0.2535470560812541,0.1364404254792779,0.36193203889258946
2021-02-20,0.24910256587275267,0.1925532989412464,0.2513078303251911,0.18290163009547375,0.2549223431995366,0.33857866998765784,0.14667734268891935,0.2542045865352962,0.1345386796440191,0.3747310819547904
2021-02-21,0.20570589686032012,0.17530411503882906,0.24351154099488323,0.15812878217038198,0.26453858999831276,0.3399236641072184,0.15591836677617885,0.2479261427568524,0.12337132821109657,0.33371467539216537
2021-02-22,0.23033643873224133,0.1802391343024838,0.2679983039726948,0.16163650215239364,0.2524301052069012,0.36229926128305234,0.1640816320823013,0.24774460386563607,0.1276162538338545,0.3283641413961836
2021-02-23,0.22210523331793733,0.1722572383895534,0.2733052344371883,0.1652923389040115,0.19617942439459005,0.3464642072864095,0.11453454051840302,0.2308026072971539,0.13541012324434165,0.3420461115998929
2021-02-24,0.2321784933911974,0.16521226317922827,0.26733083201364594,0.1628990357614288,0.18655306352346562,0.3477124129907096,0.11606095930509577,0.2050287334387358,0.13140809943373605,0.3391700813801127
2021-02-25,0.2241986057839806,0.16170085143016782,0.25824442954083804,0.15943920776703194,0.19033837481494506,0.33675066518685653,0.1184838206388482,0.18648853047230332,0.13120643877094126,0.3570713574607462
2021-02-26,0.2291903460698385,0.15748808183041138,0.2424954021248822,0.15678460419686102,0.18807388923950025,0.33303606992296547,0.11182739462758347,0.20289595953320147,0.12597044512962557,0.36234126203274447
2021-02-27,0.1934074906148519,0.14798763019720457,0.22560803297376683,0.14664386367904023,0.18657808617352134,0.3107478819204918,0.09458319717743637,0.18975136903775153,0.11913953756176508,0.3451214448129272
2021-02-28,0.2231987174504137,0.14848101802157518,0.22381116312105026,0.1500940020414856,0.15000321526130106,0.30847451426250877,0.06670863271750606,0.24960586639224885,0.11841862964532535,0.3922302883503422
2021-03-01,0.23045593068053336,0.13837249224959747,0.18769045594771153,0.1306836316177336,0.13633783283114956,0.30125615398236605,0.06554816853183178,0.2169325288008785,0.12133476342637091,0.37015694544732153
2021-03-02,0.2168960437515978,0.13209043751409158,0.18682146800165592,0.12056825022665481,0.12513133131518064,0.28686155063070745,0.06412102424754464,0.23067215092587082,0.11588957905216646,0.3620650373554134
2021-03-03,0.2054075322630863,0.12905874330648184,0.17741488434357525,0.11119750217279897,0.11921308274826839,0.25724599798763187,0.04576920863545505,0.24294971717033426,0.11342779879607903,0.3443887750401425
2021-03-04,0.20068273325257296,0.13338070235224073,0.18331550546158767,0.10659631277511047,0.11161315213287702,0.26787108323958286,0.032936869500920486,0.26881592746277405,0.1213407413152882,0.31531521000734714
2021-03-05,0.18048755840844177,0.13063042680138134,0.1793346870147139,0.09727474911733568,0.10709602725933011,0.25347664816950466,0.029767142828889665,0.24329277184750714,0.1240107691144253,0.2970795622935446
2021-03-06,0.1917003892934038,0.12839408511685982,0.19457208110731267,0.10047909369666283,0.09157105627128688,0.24669356380173693,0.045357204940690905,0.22825006998415312,0.1307780660472028,0.27527550016690183
2021-03-07,0.19850311038183918,0.12717215710326943,0.20304851515919428,0.09323438790474155,0.0940427055956532,0.2329098592801988,0.05475570118129241,0.15178111983099243,0.14476760839481226,0.2510353785863547
2021-03-08,0.21151331446347182,0.13189159767210987,0.22900470999410766,0.0954170949235681,0.09272110006767921,0.2408194637999728,0.07001635089572364,0.16338663635454173,0.14643973492016776,0.2538081302131138
2021-03-09,0.2165685653286019,0.13613510178503938,0.20636246538389966,0.09064546856916032,0.10815075056426589,0.24338621857911694,0.09788134304643006,0.17059468254563878,0.1526926023034447,0.2493071517395326
2021-03-10,0.23519669236380855,0.13914089391407497,0.2127953239906713,0.09206050182014172,0.10894099195412903,0.2459826732193672,0.12108036624545326,0.17583973358618923,0.15487768709932984,0.24368101743826218
2021-03-11,0.23527994244705866,0.13139658705947302,0.20192575877328003,0.0863944431592486,0.10877006047312153,0.21922457183440014,0.1787732681953312,0.15990177083971588,0.1421960374981595,0.24820614240537608
2021-03-12,0.2624390139609689,0.1296150808205107,0.2029811749773454,0.08827005575852498,0.106686755557886,0.23048330960379104,0.20129783357703945,0.13915184134142025,0.14159357896460864,0.2334964146432553
2021-03-13,0.2722514237733787,0.13218618752259836,0.19858662696347512,0.07902826192683886,0.111132684039654,0.22825130967697135,0.21272640500561085,0.16122525403983295,0.13981513151639283,0.21459430038532973
2021-03-14,0.2505677503039909,0.12789700131259032,0.19237544683925153,0.07525903833748382,0.10891037823634131,0.22946608129990625,0.22423383210995707,0.14584702947289072,0.12152303545301915,0.2189364627822034
2021-03-15,0.23678718857434858,0.1188644179268322,0.1776743836986045,0.06845193599063333,0.11141159094553364,0.2085137003475253,0.22736720667190305,0.12972599772685897,0.11450460402059741,0.19956426443928635
2021-03-16,0.25215330602648406,0.11595269681147805,0.19354042855015657,0.07098902329041837,0.10060730011204821,0.2049639402185636,0.23321136251605892,0.11736664393324224,0.10995956396025962,0.18177595160949175
2021-03-17,0.2566994684699147,0.11437798656490927,0.18903444351204954,0.06936752918168142,0.10212064277600597,0.19688016915641748,0.24282464999194178,0.12181256605615073,0.10702941608498055,0.1723516688810099
2021-03-18,0.27424367486304196,0.11781582226471077,0.20248759535558067,0.06936752918168143,0.1014522260494739,0.20313399579859362,0.22099096129258147,0.12362180038818141,0.11142803766996748,0.1665813607577606
2021-03-19,0.2909653586201239,0.12063541033359795,0.21093553912606694,0.06848446805454333,0.0930399234725828,0.20281182011285934,0.27034161064323076,0.13913293004419997,0.11368661317603002,0.17021028996808513
2021-03-20,0.2910291697392115,0.12116542779278679,0.22006904482707837,0.07208936246536642,0.09262826544234228,0.20039833297887535,0.2762529406924919,0.1254006827593211,0.11286545922334415,0.18111565714007957
2021-03-21,0.30505978198410943,0.12428194821687419,0.21257489962801515,0.08926314410369675,0.08655864834578361,0.20494666393916644,0.290475822968153,0.1376246802952712,0.11469044595342022,0.1752847533499921
2021-03-22,0.3074700813230812,0.1223535708803359,0.22524321290982535,0.08987676996004104,0.08414301478026445,0.20447047346297595,0.2946957223100036,0.14931060466501908,0.11400764935503128,0.17633294258591897
2021-03-23,0.3002106567199066,0.121694396667305,0.21367602816555725,0.0856439657272368,0.08300591416777016,0.2002375565237005,0.29466551995421986,0.1300299466846955,0.1124510223221706,0.17709543063361136
2021-03-24,0.3024058660440106,0.12084493151822406,0.2240648137210624,0.08594603693266215,0.07687217788482437,0.20143915865988207,0.2843032057203416,0.11522815726490945,0.1134444122816893,0.17823613993452775
2021-03-25,0.2826389016544533,0.11862323454261985,0.20907521205732862,0.08656773099803175,0.07731311619054983,0.19895908155416733,0.27584309440308746,0.11439386128236549,0.11327545223858983,0.16896743810351286
2021-03-26,0.2591681798983333,0.11571937826280779,0.19338286666980897,0.09104535518951483,0.08040330276022721,0.199968400784188,0.24749701126248377,0.1070619966167586,0.10708801353064812,0.16504631604767578
2021-03-27,0.25106102323590024,0.11691260699852268,0.18389132301677463,0.0962222098760793,0.07474316764109797,0.19439608490131313,0.25425136604385595,0.100427763976334,0.17155776278300605,0.161478851325938
2021-03-28,0.2202639217866249,0.11445114628102007,0.2019296859029127,0.0793785969352646,0.09032467459998454,0.20534550233615473,0.2551272061839904,0.09590688927449942,0.1791348274252881,0.14346655446943019
2021-03-29,0.21376325202064902,0.12957478046218604,0.19371005743011965,0.07913715207480952,0.10296338945362968,0.20406999213207308,0.2457739059640581,0.07576442368611354,0.18179107349061382,0.14624717354254121
2021-03-30,0.21158071233810935,0.13147167236502297,0.19722178915769442,0.08441859555850019,0.10404165255971988,0.20700486214011385,0.2332311740077771,0.07813778374442258,0.18694277021972047,0.14627421410244865
2021-03-31,0.18527259065262408,0.13128320029777676,0.1816070326167802,0.08163066426303549,0.10801443031994265,0.2006746653907554,0.24445464695450436,0.07177679136028103,0.18832428176785612,0.15299759902630047
2021-04-01,0.21532221190305306,0.13104360004753912,0.18357348721481376,0.08074069150552451,0.10842695594629138,0.1988032165613756,0.23832684618384645,0.06495493397238591,0.19063523491120984,0.16204702564723134
2021-04-02,0.1992205251282894,0.13564372555041865,0.1866402091377313,0.07478593567522099,0.11593440440377924,0.17793652338594848,0.21577787842939927,0.07543128427085402,0.20300903302054077,0.15546753720245793
2021-04-03,0.20422729372201448,0.13108416801085165,0.20228646764113267,0.06797105753538533,0.12537267673486835,0.1684835816410198,0.1964455269320993,0.06702792292631621,0.1377982536015184,0.17402099632195478
2021-04-04,0.20093348608038078,0.1356409216119148,0.1984838229877657,0.07096719032245889,0.11445923805093457,0.14779186376620332,0.17942822294350788,0.12596754960787837,0.13505635118249423,0.16608946175801012
2021-04-05,0.21358899873589343,0.1438416749882235,0.1802008842603171,0.07076277365920815,0.12516163221614782,0.15049594539885638,0.2070971292518319,0.1616562336836592,0.2639481321415492,0.17335341107002952
2021-04-06,0.20339743154297854,0.13592845051946204,0.1747819104692503,0.07019266822018884,0.12083489798330571,0.1426124192333919,0.20349888534452565,0.16764616212256725,0.25153113334163574,0.18176986428971048
2021-04-07,0.21300341972132988,0.13440611052983706,0.1831852718137881,0.07170300497151726,0.12160340376088462,0.13833037108479113,0.18931818231300554,0.17446930278520642,0.24828816692138406,0.17821242000176754
2021-04-08,0.2002150348085616,0.1344884119852786,0.17543076217248602,0.07304401944025497,0.12480606743534137,0.1326957666454058,0.20882972423020782,0.18652233685914643,0.2424253608459834,0.1745653524662225
2021-04-09,0.2166046281212318,0.13135750035794463,0.17072478234688898,0.07467179915738908,0.12129389851644354,0.14244110306557042,0.23314198291746652,0.18268529217742266,0.23507121401601316,0.1817611196619897
2021-04-10,0.2003347128029866,0.1311282327129628,0.13693297240628252,0.07668550562803615,0.1408647551277822,0.14278631918524537,0.23608194150959902,0.21640537919700145,0.22975258105886479,0.1652605659521337
2021-04-11,0.1879606073166362,0.12424715078608137,0.13106380940529005,0.07205934725072002,0.15148194391440226,0.14169516592017908,0.2394548481846521,0.14543168284259458,0.222947602710078,0.17062473693698335
2021-04-12,0.2182780676340965,0.10776270087269715,0.1466427208220628,0.07409008053854803,0.13083194162673584,0.13263533686035003,0.21643946087917912,0.12650492432192698,0.09187372427130078,0.1706465886894502
2021-04-13,0.20890215456857633,0.11112363420613335,0.1547195019220997,0.07180882075333879,0.1475806089676566,0.13613873611047636,0.23033791182582286,0.13186653518812502,0.09626552409327069,0.15877855523055112
2021-04-14,0.2190659581041378,0.11148033914088093,0.1505178212498308,0.07076074164651132,0.1510762547422181,0.1427254532715676,0.22935421576437243,0.15044989096512476,0.09484826706371716,0.16297480243262988
2021-04-15,0.2102821183704869,0.10922995043031689,0.15513782701862164,0.07190917917460202,0.15232552814966863,0.15027045518654272,0.22271256539353226,0.13618906468339256,0.09116967715417776,0.1592781199681749
2021-04-16,0.2130925727227915,0.11309367576436649,0.16285132564121116,0.07732627973254107,0.16545198595305702,0.14100587979116716,0.2059537785454597,0.15872927994337033,0.0895271511613488,0.16205039004419922
2021-04-17,0.2032607429951923,0.11635655382063138,0.18120302014170214,0.0726317427791117,0.15680447317002907,0.1437587413364016,0.19261699455650177,0.12725891170894338,0.10479950693320794,0.2019941671972787
2021-04-18,0.20646754519659236,0.12495161254187548,0.17873220851058516,0.08876261144162594,0.15802389243341497,0.15760895908467032,0.1935125600627852,0.15862221845296062,0.11094119679582803,0.20434818142866956
2021-04-19,0.15929208157319721,0.12408446359746235,0.17506677883882688,0.0941777183523593,0.16005953476455076,0.15159827925424801,0.18983113777671173,0.1662624734219313,0.11406582550909593,0.20948790527641664
2021-04-20,0.18045363848668453,0.12479415699825615,0.1791839529464438,0.09815044544445416,0.14614507999363538,0.1507655517970679,0.17747137711852176,0.16041384956872026,0.11496152815252718,0.2142994491725292
2021-04-21,0.16226818248610245,0.12652882285529413,0.18121702423947714,0.10702282434578268,0.14043768023729233,0.14595869412075418,0.1773823880345161,0.14460524146972273,0.11935942151971193,0.2077788099269234
2021-04-22,0.1802415234045154,0.13054313948649612,0.18327410390752835,0.10993174103872046,0.13389668177428832,0.14438771817980506,0.1618276813033388,0.15128726911949228,0.12565008051158372,0.20647628891852005
2021-04-23,0.18140600733371848,0.12960153618841427,0.18197001380675776,0.10934511347017621,0.13201277822490298,0.1510370100208938,0.1668717914048003,0.1304610680468003,0.1306534383705813,0.20815624417707396
2021-04-24,0.19318856466802942,0.13817403661188718,0.17683345821148658,0.12468152989225409,0.137388818342404,0.14819610092998473,0.17461851328195693,0.15562837667867585,0.13441260401378122,0.18216118660306901
2021-04-25,0.2124319987187657,0.1304150425268325,0.18444689740387316,0.11638091408025764,0.13656572640109627,0.13634443325323273,0.15640048270378343,0.15127297598181172,0.1320701254808265,0.16998506170923133
2021-04-26,0.2037627985313953,0.13793681412794748,0.19141134942801533,0.1246552918026718,0.13005125029281425,0.15454898871365402,0.16330348960679034,0.12738768929842728,0.13519528749565018,0.16374525423768452
2021-04-27,0.19316689037451157,0.1410409916972103,0.1917651477850642,0.12894121229628114,0.1313415527674606,0.16211753337289705,0.1604458589606325,0.13805371246445045,0.13812618444458172,0.17383214322365606
2021-04-28,0.19307641940351447,0.1426821055622293,0.19067099954728647,0.1305719281894803,0.14263415208183852,0.1700752832175656,0.17521481093888677,0.18597805293234493,0.136289482478149,0.18025375989557432
2021-04-29,0.19858106871500988,0.1433216961439621,0.1961141260766325,0.1331296375745705,0.17100624582660306,0.17825314750784207,0.1702916925142847,0.20893355193502736,0.1309643948673471,0.1891673253217448
2021-04-30,0.18578864693247446,0.14122786173852303,0.19613410702812542,0.13628605414628692,0.1640535912531062,0.19124712444558653,0.1586450403079496,0.2464076720178431,0.125903387257475,0.19668674818522983
2021-05-01,0.25008652177103263,0.1302555929211769,0.20233169309619178,0.13793632707715647,0.15647058169926495,0.20683154003000212,0.167961810494285,0.242550854024899,0.10302748041926399,0.19126968046955845
2021-05-02,0.2666837176785734,0.13964254993470937,0.21271877190432323,0.13744197659875704,0.17576031890020785,0.22989026034556237,0.20837857257351558,0.2358740931660423,0.10524877569784767,0.22954317168422617
2021-05-03,0.2712874002483577,0.14207525429624948,0.217096652088655,0.15049054651344473,0.20095631469604577,0.22595420876286113,0.20907359620431903,0.2539927794370244,0.10225041600243133,0.2398884150590399
2021-05-04,0.30484402627073715,0.14500070579193886,0.22642049293286012,0.15858677686296016,0.2039469609009101,0.24037494762190348,0.20368270886151896,0.3189219943662393,0.09975252525890842,0.2422808696254075
2021-05-05,0.3284510861977586,0.1482342964845242,0.23578840659976727,0.1624185846405824,0.19754786416218778,0.2545662446471218,0.18247058764939775,0.30874975525783005,0.10063031605351044,0.24764737029266007
2021-05-06,0.3016735058298308,0.15577915228248945,0.25971940757158457,0.17422665598715356,0.1741381476220499,0.27303161181210683,0.18392807058589242,0.313094912588062,0.11193299414894507,0.24960250437724169
2021-05-07,0.31850854874028095,0.17157749146612558,0.2822156379329835,0.18031552325816835,0.17878519079686175,0.2834786400216342,0.18240514027957935,0.29046787519592393,0.12210241296831086,0.24964486850753256
2021-05-08,0.2864673596736479,0.17785301129073308,0.28945186575744664,0.18799794578316956,0.17786828233868798,0.290472065006691,0.17152078653808275,0.3000161881507492,0.14152309640857855,0.2477843840540109
2021-05-09,0.26083023084502976,0.18134313353590628,0.2752160257019344,0.20255583844167915,0.17258451296796212,0.2913719652880111,0.1322774212077609,0.31977850843662875,0.15365359355905592,0.2706415269111538
2021-05-10,0.3271775950647343,0.18915834306438375,0.28794894495659273,0.19783058150678004,0.17087548867583707,0.2982204819284494,0.11206064948378079,0.32023497374526577,0.16152801388453147,0.26753851270533185
2021-05-11,0.3133738018792998,0.1975404966695526,0.2925761455281553,0.20464329773903897,0.17803211829428503,0.2948082627437509,0.12221676561454599,0.2710398027191088,0.17063365960283333,0.2799608729537791
2021-05-12,0.3066849966683524,0.20365892560387983,0.3127514203497971,0.2069761382716384,0.1834480661037737,0.30412815590889436,0.13823408163186202,0.2746929271393893,0.18019647444714387,0.28223321162647685
2021-05-13,0.3247543261197217,0.20562591579584985,0.29517257062809016,0.20658020555956663,0.19879870921216733,0.30273719430767265,0.1461833287464382,0.284209865227756,0.17915671932763141,0.29590395979663764
2021-05-14,0.3419173123686607,0.2048270169685176,0.29211441341443695,0.2155602900928538,0.21220368754453048,0.3067039984206222,0.14552195308506252,0.28407460267917084,0.1791084911438928,0.29833479580626154
2021-05-15,0.32257194681344503,0.2171104972624547,0.2961831295084695,0.2145091329995215,0.22005508053241923,0.31441580637881994,0.18905936805104892,0.30555376903429243,0.18647731812513624,0.32280144640792996
2021-05-16,0.3496742771072647,0.22804331483347715,0.3072443663893785,0.22003778943181887,0.2093911401971329,0.3216365604637569,0.23046723554587295,0.32338038686091025,0.19309265983998689,0.2992117028181864
2021-05-17,0.31534649940951626,0.22654975587172413,0.296626927473197,0.22105661305788146,0.21251808154756907,0.3171376678834689,0.25332745307921395,0.31040891920408015,0.202754972634899,0.30195561524182096
2021-05-18,0.29790295149055185,0.22982628040196013,0.2914788176943435,0.21814773331973344,0.2175480834905353,0.32344055553067447,0.26244032988131094,0.32113291228537494,0.21085041749549246,0.3015379042977942
2021-05-19,0.29719618901830563,0.23245718319524108,0.2892903520912437,0.22449273572172324,0.2247649539785679,0.3071852739567654,0.27834942079040187,0.3357852434502785,0.20991887435098003,0.3068884111580704
2021-05-20,0.2754828975644258,0.2354297206776752,0.2992020075114073,0.22975324191927818,0.2119229205950395,0.3030792018006475,0.2749480602461841,0.3285424025727179,0.2189933424718474,0.2962621941390721
2021-05-21,0.24429452753089312,0.24188571974472978,0.29438446398064017,0.23306512239137223,0.2037381432098724,0.29422165420495017,0.2840750443731682,0.3334266741090968,0.2252381875636493,0.29361606621906133
2021-05-22,0.24599336922973478,0.2333940171324409,0.29347072012285197,0.23706970026861787,0.21133899626162536,0.2879766086153256,0.23396166568836096,0.30685792775864984,0.2157209253025978,0.28480916730451955
2021-05-23,0.23706479780116335,0.23329458811365436,0.3049231864140279,0.2446367720411471,0.2106851724896739,0.28865398960952016,0.19654669970196642,0.2936940083447305,0.21264722580809028,0.2654406302368674
2021-05-24,0.20606641230040817,0.2297283384651446,0.31963857635469717,0.23933709667417155,0.2122383982355768,0.28993570667590873,0.20717496528116866,0.35097295803051676,0.20599235855145312,0.26257602675140473
2021-05-25,0.2341103587406841,0.22801481415364194,0.33245380909258315,0.24131360442947672,0.20800624096134537,0.28429619941101447,0.20214492907313705,0.35183894837019125,0.20490288080441213,0.24915432402798685
2021-05-26,0.2517473719316389,0.22829964493837496,0.3221778965610315,0.23870067058065184,0.20186563837884894,0.30729498027143054,0.17086687532964553,0.3090636172513018,0.20580516785918548,0.24233715430068872
2021-05-27,0.2817403147686184,0.22712978450819596,0.3295099702191432,0.23616233364939404,0.20536492882324206,0.31357660654809527,0.160755981657108,0.3446419115514239,0.19868025346252643,0.24864984009231209
2021-05-28,0.288417110235296,0.21699378860999713,0.3287643487829194,0.22915517925501075,0.1998062094899682,0.32509955454308276,0.13909013318713578,0.37076943693765946,0.19405711864621109,0.24133054597195294
2021-05-29,0.25635965595561944,0.2180861836328029,0.32904344248074097,0.23238527038384596,0.18652594758218055,0.33056665853609896,0.14512187921888184,0.42588205226190506,0.19445854756796316,0.21762308561273383
2021-05-30,0.2539473763926671,0.22302960451773554,0.31596176564946343,0.22401060577696733,0.19115344326093003,0.33102620594400317,0.16012788161984223,0.43789420248281813,0.19085069665886759,0.21627238534877075
2021-05-31,0.27001492466360527,0.2241891389946388,0.2962762899402234,0.22787072485891796,0.19565288690894064,0.3565610445154137,0.15230833274766178,0.410125522209382,0.19195152912793703,0.19913256567623686
2021-06-01,0.22884681484196723,0.22553588245384065,0.2844031409601562,0.23148063715605227,0.19901846240614887,0.3532667802518947,0.15461698930794388,0.4175067788824234,0.1937239487241931,0.20040584177754392
2021-06-02,0.19938921902951945,0.2257423312426555,0.29143365794959325,0.23401962951263128,0.2001899192696561,0.3379456832596386,0.1617448105678696,0.4369107982864428,0.19808327696735267,0.19923941561111777
2021-06-03,0.21671055018063787,0.22846711986132254,0.2801820828460238,0.23597781438743698,0.20547259248500485,0.33601236477955754,0.18376046614516903,0.4245595163102377,0.20125102339441422,0.19565436603064487
2021-06-04,0.22757166068139592,0.2325148979933874,0.28972072014022526,0.2354262724552226,0.23103262804938257,0.3241285925449828,0.19801890720773382,0.4146815959382649,0.20272297167858078,0.20739793449592964
2021-06-05,0.27385298618813975,0.23713092714059483,0.2950112336688759,0.2254614641845074,0.23987386361618962,0.3198358526933532,0.20058048356241365,0.36566517682318656,0.20574186297876,0.2319060931084061
2021-06-06,0.25795993473501405,0.2309598083677406,0.2979681870461543,0.222943191174699,0.24743435594674895,0.3169974488132826,0.21703706619546687,0.3579809982489474,0.1999673774063599,0.23090895158078525
2021-06-07,0.262780161328202,0.2318222643957139,0.2834689512779876,0.226954141945998,0.25667229510688844,0.30277246826705856,0.2276155785921611,0.36454097088690574,0.20083345748935238,0.24277019170289496
2021-06-08,0.2850510638370551,0.22810207204122143,0.2909308288048327,0.21734362731953633,0.2593917218232427,0.3054290596627184,0.22925688911548667,0.36255509858235385,0.19323532704952032,0.2409949201907813
2021-06-09,0.30324068982260594,0.22631412464592054,0.2871198670960374,0.2102597282909595,0.2709585115162424,0.30580672246492846,0.25616308656431974,0.37216368979331893,0.18889724953739978,0.23138594618307312
2021-06-10,0.2795056638973422,0.22174795125635718,0.2884993587863852,0.20683278756335263,0.2706787363325714,0.29936216031566837,0.25243174328073764,0.37696561056162625,0.18457344273370482,0.21745084246633445
2021-06-11,0.27432846141753797,0.21710213299316486,0.2832530393438236,0.20961617900162416,0.24962383236444102,0.2998917445641605,0.2583286540163581,0.3817760027949294,0.17895379286949287,0.20028839829583384
2021-06-12,0.29113306890050256,0.21894551028178036,0.28452845988110703,0.2036998489252833,0.24638888608775547,0.28801079082274167,0.29729768990657623,0.41321435832710157,0.17692461332182005,0.1948478108459006
2021-06-13,0.3393328366124654,0.21371542970489113,0.28849753662646416,0.19991282364772175,0.25211024166935025,0.2923047523832695,0.31865623332394316,0.41443762891645247,0.17577861762066496,0.2046594278003747
2021-06-14,0.3221957272423463,0.20968403574803027,0.3069770429905045,0.19125986272190013,0.24118125048801312,0.2857785781355762,0.34101889739783725,0.41319342968637285,0.1692935094655537,0.2017823025548284
2021-06-15,0.2972281616623773,0.20609808671769475,0.30261183910296874,0.19369556506799523,0.23225012661214567,0.28308497369281727,0.3308192046174993,0.4215595327635813,0.16504776492274692,0.20307913209913833
2021-06-16,0.27951123937819006,0.20055657237014074,0.2989096930580618,0.19348482995279687,0.21774223075694274,0.27322243418663866,0.3087245686145318,0.43687075403719555,0.1582730236230747,0.20579372421246464
2021-06-17,0.2608108014565425,0.1976081421679298,0.3020243417827232,0.1895080909312203,0.21042065220173464,0.26519735744765527,0.3110716372580253,0.41994259549053986,0.15635208051955643,0.2224686829334402
2021-06-18,0.25085688440585124,0.19093112834873932,0.29232747728634473,0.18132787509881684,0.19844315706303609,0.24904142453755337,0.30684736690472264,0.41195582184251334,0.15336981148421305,0.2285892344353333
2021-06-19,0.21863948701125818,0.181137468180498,0.27215617107649454,0.18159893880893868,0.19198454095794956,0.24843068392681275,0.27103104037411047,0.4074470099076472,0.1462453695317175,0.2196065504526493
2021-06-20,0.18962162986840103,0.18027232258818526,0.27663740412915616,0.19431879562685844,0.16521824243825087,0.22609440928720717,0.23032725886150543,0.40478442313380725,0.1446702211765419,0.22867248451858338
2021-06-21,0.19046403071080187,0.17830758600150684,0.28931541994497145,0.1956063936578139,0.14801748214352745,0.21460663401410157,0.2132934182982531,0.4273460354980512,0.1396512885939837,0.22848451459377134
2021-06-22,0.1974533880583254,0.17436460570227735,0.2856967498700639,0.18610686422273948,0.14330734576023935,0.2131078284547095,0.21166357048283826,0.43404368260544757,0.13792286793815578,0.2235634225856034
2021-06-23,0.2132405458333128,0.17300078765765534,0.2797457964564239,0.18326155903181182,0.13798003428180713,0.20332818775751466,0.20455924007753698,0.4178332921319529,0.14090011903048474,0.2229265006583589
2021-06-24,0.21140696369532355,0.17374018733140992,0.2799335898836539,0.1831751476112453,0.13566714209729475,0.21076795446782226,0.20696392288089088,0.41831746301159933,0.1477544404951552,0.20497331884724354
2021-06-25,0.21775256875565527,0.17639678091361555,0.28487189374640143,0.18581961131007432,0.13980932868372245,0.21484004625800798,0.2074077308162365,0.42697597911913815,0.14836111200415705,0.20617733929820428
